#! /c/Source/iverilog-install/bin/vvp
:ivl_version "12.0 (devel)" "(s20150603-1539-g2693dd32b)";
:ivl_delay_selection "TYPICAL";
:vpi_time_precision + 0;
:vpi_module "C:\iverilog\lib\ivl\system.vpi";
:vpi_module "C:\iverilog\lib\ivl\vhdl_sys.vpi";
:vpi_module "C:\iverilog\lib\ivl\vhdl_textio.vpi";
:vpi_module "C:\iverilog\lib\ivl\v2005_math.vpi";
:vpi_module "C:\iverilog\lib\ivl\va_math.vpi";
:vpi_module "C:\iverilog\lib\ivl\v2009.vpi";
S_000001bfdcb5a860 .scope package, "$unit" "$unit" 2 1;
 .timescale 0 0;
S_000001bfdca97f90 .scope module, "testbench" "testbench" 3 3;
 .timescale 0 0;
v000001bfdcc08e00_0 .var "clk", 0 0;
v000001bfdcc0a020_0 .net "instr", 31 0, L_000001bfdcb72c40;  1 drivers
v000001bfdcc093a0_0 .net "regs", 1023 0, v000001bfdcbf64d0_0;  1 drivers
v000001bfdcc09620_0 .var "rst", 0 0;
E_000001bfdcb8db00 .event anyedge, v000001bfdcc0a2a0_0, v000001bfdcbf64d0_0;
S_000001bfdca98120 .scope begin, "$ivl_for_loop2" "$ivl_for_loop2" 3 46, 3 46 0, S_000001bfdca97f90;
 .timescale 0 0;
v000001bfdcb82b70_0 .var/2s "i", 31 0;
S_000001bfdcb07740 .scope module, "dut" "top" 3 35, 4 5 0, S_000001bfdca97f90;
 .timescale 0 0;
    .port_info 0 /INPUT 1 "clk";
    .port_info 1 /INPUT 1 "rst";
    .port_info 2 /OUTPUT 32 "instr1";
    .port_info 3 /OUTPUT 1024 "regs";
L_000001bfdcb72c40 .functor BUFZ 32, L_000001bfdcb716d0, C4<00000000000000000000000000000000>, C4<00000000000000000000000000000000>, C4<00000000000000000000000000000000>;
v000001bfdcc08720_0 .net "PC", 31 0, v000001bfdcc01560_0;  1 drivers
v000001bfdcc09760_0 .net "clk", 0 0, v000001bfdcc08e00_0;  1 drivers
v000001bfdcc08cc0_0 .net "dataAdr", 31 0, L_000001bfdcb72cb0;  1 drivers
v000001bfdcc098a0_0 .net "instr", 31 0, L_000001bfdcb716d0;  1 drivers
v000001bfdcc0a2a0_0 .net "instr1", 31 0, L_000001bfdcb72c40;  alias, 1 drivers
v000001bfdcc09da0_0 .net "memWrite", 0 0, v000001bfdcc05da0_0;  1 drivers
v000001bfdcc09ee0_0 .net "readData", 31 0, L_000001bfdcb72e00;  1 drivers
v000001bfdcc0a340_0 .net "regs", 1023 0, v000001bfdcbf64d0_0;  alias, 1 drivers
v000001bfdcc09300_0 .net "rst", 0 0, v000001bfdcc09620_0;  1 drivers
v000001bfdcc08ea0_0 .net "writeData", 31 0, v000001bfdcc05300_0;  1 drivers
S_000001bfdcb078d0 .scope module, "dm" "dataMem" 4 15, 5 1 0, S_000001bfdcb07740;
 .timescale 0 0;
    .port_info 0 /INPUT 1 "clk";
    .port_info 1 /INPUT 1 "we";
    .port_info 2 /INPUT 32 "adr";
    .port_info 3 /INPUT 32 "writeData";
    .port_info 4 /OUTPUT 32 "readData";
L_000001bfdcb72e00 .functor BUFZ 32, L_000001bfdcc63a30, C4<00000000000000000000000000000000>, C4<00000000000000000000000000000000>, C4<00000000000000000000000000000000>;
v000001bfdcb81950_0 .net *"_ivl_0", 31 0, L_000001bfdcc63a30;  1 drivers
v000001bfdcb831b0_0 .net *"_ivl_3", 29 0, L_000001bfdcc626d0;  1 drivers
v000001bfdcb83250_0 .net "adr", 31 0, L_000001bfdcb72cb0;  alias, 1 drivers
v000001bfdcb82030_0 .net "clk", 0 0, v000001bfdcc08e00_0;  alias, 1 drivers
v000001bfdcb832f0 .array "mem", 0 63, 31 0;
v000001bfdcb83390_0 .net "readData", 31 0, L_000001bfdcb72e00;  alias, 1 drivers
v000001bfdcb83430_0 .net "we", 0 0, v000001bfdcc05da0_0;  alias, 1 drivers
v000001bfdcb834d0_0 .net "writeData", 31 0, v000001bfdcc05300_0;  alias, 1 drivers
E_000001bfdcb8dbc0 .event posedge, v000001bfdcb82030_0;
L_000001bfdcc63a30 .array/port v000001bfdcb832f0, L_000001bfdcc626d0;
L_000001bfdcc626d0 .part L_000001bfdcb72cb0, 2, 30;
S_000001bfdcb09fa0 .scope module, "im" "instrMem" 4 14, 6 1 0, S_000001bfdcb07740;
 .timescale 0 0;
    .port_info 0 /INPUT 32 "adr";
    .port_info 1 /OUTPUT 32 "instr";
L_000001bfdcb716d0 .functor BUFZ 32, L_000001bfdcc637b0, C4<00000000000000000000000000000000>, C4<00000000000000000000000000000000>, C4<00000000000000000000000000000000>;
v000001bfdcb82490_0 .net *"_ivl_0", 31 0, L_000001bfdcc637b0;  1 drivers
v000001bfdcb83570_0 .net *"_ivl_3", 29 0, L_000001bfdcc63170;  1 drivers
v000001bfdcb82530_0 .net "adr", 31 0, v000001bfdcc01560_0;  alias, 1 drivers
v000001bfdcb836b0_0 .net "instr", 31 0, L_000001bfdcb716d0;  alias, 1 drivers
v000001bfdcb83750 .array "mem", 0 63, 31 0;
L_000001bfdcc637b0 .array/port v000001bfdcb83750, L_000001bfdcc63170;
L_000001bfdcc63170 .part v000001bfdcc01560_0, 2, 30;
S_000001bfdcb0a130 .scope module, "rvps" "riscv_ps" 4 13, 7 6 0, S_000001bfdcb07740;
 .timescale 0 0;
    .port_info 0 /INPUT 1 "clk";
    .port_info 1 /INPUT 1 "rst";
    .port_info 2 /INPUT 32 "instr";
    .port_info 3 /INPUT 32 "readData";
    .port_info 4 /OUTPUT 1 "memWriteM";
    .port_info 5 /OUTPUT 32 "dataAdr";
    .port_info 6 /OUTPUT 32 "PC";
    .port_info 7 /OUTPUT 32 "writeData";
    .port_info 8 /OUTPUT 1024 "regs";
v000001bfdcc071e0_0 .net "ALUcontrol", 3 0, v000001bfdcbf6610_0;  1 drivers
v000001bfdcc06d80_0 .net "ALUsrcA", 1 0, L_000001bfdcc65fb0;  1 drivers
v000001bfdcc07a00_0 .net "ALUsrcB", 0 0, L_000001bfdcc65f10;  1 drivers
v000001bfdcc08900_0 .net "Jsrc", 0 0, L_000001bfdcc65a10;  1 drivers
v000001bfdcc06a60_0 .net "PC", 31 0, v000001bfdcc01560_0;  alias, 1 drivers
v000001bfdcc087c0_0 .net "PCE", 31 0, v000001bfdcc02cb0_0;  1 drivers
v000001bfdcc06880_0 .net "PCsrcE", 0 0, L_000001bfdcb72d20;  1 drivers
v000001bfdcc08b80_0 .net "PCtargetE", 31 0, v000001bfdcc014c0_0;  1 drivers
v000001bfdcc07aa0_0 .net "bpDest", 31 0, v000001bfdcb42be0_0;  1 drivers
v000001bfdcc08a40_0 .net "bpPred", 0 0, v000001bfdcb43400_0;  1 drivers
v000001bfdcc080e0_0 .net "bpUpdate", 0 0, L_000001bfdcb72b60;  1 drivers
v000001bfdcc06600_0 .net "bpValid", 0 0, v000001bfdcb42f00_0;  1 drivers
v000001bfdcc06920_0 .net "branch", 0 0, L_000001bfdcc658d0;  1 drivers
v000001bfdcc07280_0 .net "clk", 0 0, v000001bfdcc08e00_0;  alias, 1 drivers
v000001bfdcc075a0_0 .net "corr_pred", 0 0, L_000001bfdcb72850;  1 drivers
v000001bfdcc066a0_0 .net "dataAdr", 31 0, L_000001bfdcb72cb0;  alias, 1 drivers
v000001bfdcc08c20_0 .net "flushD", 0 0, L_000001bfdcb721c0;  1 drivers
v000001bfdcc084a0_0 .net "flushE", 0 0, L_000001bfdcb71f20;  1 drivers
v000001bfdcc069c0_0 .net "forwardAE", 1 0, v000001bfdcc06740_0;  1 drivers
v000001bfdcc08180_0 .net "forwardBE", 1 0, v000001bfdcc08860_0;  1 drivers
v000001bfdcc07b40_0 .net "immSrc", 2 0, L_000001bfdcc65290;  1 drivers
v000001bfdcc064c0_0 .net "instr", 31 0, L_000001bfdcb716d0;  alias, 1 drivers
v000001bfdcc07320_0 .net "instrD", 31 0, v000001bfdcc058a0_0;  1 drivers
v000001bfdcc06b00_0 .net "jumpD", 0 0, L_000001bfdcc66050;  1 drivers
v000001bfdcc07960_0 .net "memWriteD", 0 0, L_000001bfdcc653d0;  1 drivers
v000001bfdcc073c0_0 .net "memWriteM", 0 0, v000001bfdcc05da0_0;  alias, 1 drivers
v000001bfdcc08540_0 .net "rdE", 4 0, v000001bfdcc05d00_0;  1 drivers
v000001bfdcc06f60_0 .net "rdM", 4 0, v000001bfdcc05940_0;  1 drivers
v000001bfdcc07000_0 .net "rdW", 4 0, v000001bfdcc04f40_0;  1 drivers
v000001bfdcc06e20_0 .net "readData", 31 0, L_000001bfdcb72e00;  alias, 1 drivers
v000001bfdcc07500_0 .net "regWrite", 0 0, L_000001bfdcc65e70;  1 drivers
v000001bfdcc07dc0_0 .net "regWriteM", 0 0, v000001bfdcc05120_0;  1 drivers
v000001bfdcc07640_0 .net "regWriteW", 0 0, v000001bfdcc06340_0;  1 drivers
v000001bfdcc07fa0_0 .net "regs", 1023 0, v000001bfdcbf64d0_0;  alias, 1 drivers
v000001bfdcc076e0_0 .net "resultSrc", 1 0, L_000001bfdcc656f0;  1 drivers
v000001bfdcc07780_0 .net "resultSrcE0", 0 0, L_000001bfdcc0a0c0;  1 drivers
v000001bfdcc08040_0 .net "rs1D", 4 0, L_000001bfdcc09260;  1 drivers
v000001bfdcc08220_0 .net "rs1E", 4 0, v000001bfdcc04900_0;  1 drivers
v000001bfdcc082c0_0 .net "rs2D", 4 0, L_000001bfdcc09940;  1 drivers
v000001bfdcc08360_0 .net "rs2E", 4 0, v000001bfdcc04680_0;  1 drivers
v000001bfdcc08400_0 .net "rst", 0 0, v000001bfdcc09620_0;  alias, 1 drivers
v000001bfdcc06560_0 .net "stallD", 0 0, L_000001bfdcb71a50;  1 drivers
v000001bfdcc085e0_0 .net "stallF", 0 0, L_000001bfdcb72e70;  1 drivers
v000001bfdcc08680_0 .net "writeData", 31 0, v000001bfdcc05300_0;  alias, 1 drivers
L_000001bfdcc65790 .part v000001bfdcc058a0_0, 0, 7;
L_000001bfdcc65ab0 .part v000001bfdcc058a0_0, 12, 3;
L_000001bfdcc65d30 .part v000001bfdcc058a0_0, 30, 1;
S_000001bfdcaf48e0 .scope module, "bp" "branch_prediction" 7 49, 8 1 0, S_000001bfdcb0a130;
 .timescale 0 0;
    .port_info 0 /INPUT 32 "adrr";
    .port_info 1 /INPUT 32 "adrw";
    .port_info 2 /INPUT 32 "wd";
    .port_info 3 /INPUT 1 "we";
    .port_info 4 /INPUT 1 "clk";
    .port_info 5 /INPUT 1 "rst";
    .port_info 6 /INPUT 1 "corr_pred";
    .port_info 7 /OUTPUT 32 "dest";
    .port_info 8 /OUTPUT 1 "pred";
    .port_info 9 /OUTPUT 1 "valid";
P_000001bfdcb8d300 .param/l "clog2depth" 0 8 1, +C4<00000000000000000000000000000101>;
L_000001bfdcb72d90 .functor AND 1, L_000001bfdcc65510, L_000001bfdcc63490, C4<1>, C4<1>;
L_000001bfdcb729a0 .functor AND 1, L_000001bfdcc64c50, L_000001bfdcc63850, C4<1>, C4<1>;
v000001bfdcb81b30_0 .net *"_ivl_1", 4 0, L_000001bfdcc66190;  1 drivers
v000001bfdcb819f0_0 .net *"_ivl_11", 0 0, L_000001bfdcc65510;  1 drivers
v000001bfdcb645b0_0 .net *"_ivl_13", 4 0, L_000001bfdcc63350;  1 drivers
v000001bfdcb65370_0 .net *"_ivl_14", 9 0, L_000001bfdcc62a90;  1 drivers
L_000001bfdcc0aa18 .functor BUFT 1, C4<00000>, C4<0>, C4<0>, C4<0>;
v000001bfdcb64470_0 .net *"_ivl_17", 4 0, L_000001bfdcc0aa18;  1 drivers
L_000001bfdcc0aa60 .functor BUFT 1, C4<0000011001>, C4<0>, C4<0>, C4<0>;
v000001bfdcb636b0_0 .net/2u *"_ivl_18", 9 0, L_000001bfdcc0aa60;  1 drivers
v000001bfdcb63930_0 .net *"_ivl_2", 7 0, L_000001bfdcc651f0;  1 drivers
v000001bfdcb637f0_0 .net *"_ivl_21", 9 0, L_000001bfdcc64930;  1 drivers
v000001bfdcb63890_0 .net *"_ivl_22", 10 0, L_000001bfdcc647f0;  1 drivers
L_000001bfdcc0aaa8 .functor BUFT 1, C4<0>, C4<0>, C4<0>, C4<0>;
v000001bfdcb63c50_0 .net *"_ivl_25", 0 0, L_000001bfdcc0aaa8;  1 drivers
L_000001bfdcc0aaf0 .functor BUFT 1, C4<01100100000>, C4<0>, C4<0>, C4<0>;
v000001bfdcb650f0_0 .net/2u *"_ivl_26", 10 0, L_000001bfdcc0aaf0;  1 drivers
v000001bfdcb63570_0 .net *"_ivl_28", 10 0, L_000001bfdcc62ef0;  1 drivers
v000001bfdcb63610_0 .net *"_ivl_31", 24 0, L_000001bfdcc629f0;  1 drivers
v000001bfdcb639d0_0 .net *"_ivl_33", 24 0, L_000001bfdcc63530;  1 drivers
v000001bfdcb652d0_0 .net *"_ivl_34", 0 0, L_000001bfdcc63490;  1 drivers
v000001bfdcb64d30_0 .net *"_ivl_39", 4 0, L_000001bfdcc62590;  1 drivers
v000001bfdcb646f0_0 .net *"_ivl_41", 0 0, L_000001bfdcc64c50;  1 drivers
v000001bfdcb640b0_0 .net *"_ivl_43", 4 0, L_000001bfdcc63c10;  1 drivers
v000001bfdcb64b50_0 .net *"_ivl_44", 9 0, L_000001bfdcc63b70;  1 drivers
L_000001bfdcc0ab38 .functor BUFT 1, C4<00000>, C4<0>, C4<0>, C4<0>;
v000001bfdcb634d0_0 .net *"_ivl_47", 4 0, L_000001bfdcc0ab38;  1 drivers
L_000001bfdcc0ab80 .functor BUFT 1, C4<0000011001>, C4<0>, C4<0>, C4<0>;
v000001bfdcb64a10_0 .net/2u *"_ivl_48", 9 0, L_000001bfdcc0ab80;  1 drivers
L_000001bfdcc0a988 .functor BUFT 1, C4<000>, C4<0>, C4<0>, C4<0>;
v000001bfdcb64150_0 .net *"_ivl_5", 2 0, L_000001bfdcc0a988;  1 drivers
v000001bfdcb63ed0_0 .net *"_ivl_51", 9 0, L_000001bfdcc635d0;  1 drivers
v000001bfdcb63a70_0 .net *"_ivl_53", 24 0, L_000001bfdcc630d0;  1 drivers
v000001bfdcb63b10_0 .net *"_ivl_55", 24 0, L_000001bfdcc63e90;  1 drivers
v000001bfdcb63cf0_0 .net *"_ivl_56", 0 0, L_000001bfdcc63850;  1 drivers
L_000001bfdcc0a9d0 .functor BUFT 1, C4<00100000>, C4<0>, C4<0>, C4<0>;
v000001bfdcb64010_0 .net/2u *"_ivl_6", 7 0, L_000001bfdcc0a9d0;  1 drivers
v000001bfdcb64e70_0 .net *"_ivl_8", 7 0, L_000001bfdcc66230;  1 drivers
v000001bfdcb641f0_0 .net "adrr", 31 0, v000001bfdcc01560_0;  alias, 1 drivers
v000001bfdcb64c90_0 .net "adrw", 31 0, v000001bfdcc02cb0_0;  alias, 1 drivers
v000001bfdcb65050_0 .net "cacheHit0", 0 0, L_000001bfdcb729a0;  1 drivers
v000001bfdcb64f10_0 .net "cacheHit1", 0 0, L_000001bfdcb72d90;  1 drivers
v000001bfdcb64970_0 .net "clk", 0 0, v000001bfdcc08e00_0;  alias, 1 drivers
v000001bfdcb64290_0 .net "corr_pred", 0 0, L_000001bfdcb72850;  alias, 1 drivers
v000001bfdcb42be0_0 .var "dest", 31 0;
v000001bfdcb42c80_0 .var "destAdr", 2047 0;
v000001bfdcb42e60_0 .var "lruBit", 31 0;
v000001bfdcb43400_0 .var "pred", 0 0;
v000001bfdcb43720_0 .var "predBits", 127 0;
v000001bfdcb42d20_0 .net "rst", 0 0, v000001bfdcc09620_0;  alias, 1 drivers
v000001bfdcb41b00_0 .var "tag", 1599 0;
v000001bfdcb42f00_0 .var "valid", 0 0;
v000001bfdcb39450_0 .var "valids", 63 0;
v000001bfdcbf7b50_0 .net "wd", 31 0, v000001bfdcc014c0_0;  alias, 1 drivers
v000001bfdcbf7f10_0 .net "we", 0 0, L_000001bfdcb72b60;  alias, 1 drivers
E_000001bfdcb8e2c0/0 .event anyedge, v000001bfdcb65050_0, v000001bfdcb64f10_0, v000001bfdcb82530_0, v000001bfdcb42c80_0;
E_000001bfdcb8e2c0/1 .event anyedge, v000001bfdcb43720_0;
E_000001bfdcb8e2c0 .event/or E_000001bfdcb8e2c0/0, E_000001bfdcb8e2c0/1;
L_000001bfdcc66190 .part v000001bfdcc01560_0, 2, 5;
L_000001bfdcc651f0 .concat [ 5 3 0 0], L_000001bfdcc66190, L_000001bfdcc0a988;
L_000001bfdcc66230 .arith/sum 8, L_000001bfdcc651f0, L_000001bfdcc0a9d0;
L_000001bfdcc65510 .part/v v000001bfdcb39450_0, L_000001bfdcc66230, 1;
L_000001bfdcc63350 .part v000001bfdcc01560_0, 2, 5;
L_000001bfdcc62a90 .concat [ 5 5 0 0], L_000001bfdcc63350, L_000001bfdcc0aa18;
L_000001bfdcc64930 .arith/mult 10, L_000001bfdcc62a90, L_000001bfdcc0aa60;
L_000001bfdcc647f0 .concat [ 10 1 0 0], L_000001bfdcc64930, L_000001bfdcc0aaa8;
L_000001bfdcc62ef0 .arith/sum 11, L_000001bfdcc647f0, L_000001bfdcc0aaf0;
L_000001bfdcc629f0 .part/v v000001bfdcb41b00_0, L_000001bfdcc62ef0, 25;
L_000001bfdcc63530 .part v000001bfdcc01560_0, 7, 25;
L_000001bfdcc63490 .cmp/eq 25, L_000001bfdcc629f0, L_000001bfdcc63530;
L_000001bfdcc62590 .part v000001bfdcc01560_0, 2, 5;
L_000001bfdcc64c50 .part/v v000001bfdcb39450_0, L_000001bfdcc62590, 1;
L_000001bfdcc63c10 .part v000001bfdcc01560_0, 2, 5;
L_000001bfdcc63b70 .concat [ 5 5 0 0], L_000001bfdcc63c10, L_000001bfdcc0ab38;
L_000001bfdcc635d0 .arith/mult 10, L_000001bfdcc63b70, L_000001bfdcc0ab80;
L_000001bfdcc630d0 .part/v v000001bfdcb41b00_0, L_000001bfdcc635d0, 25;
L_000001bfdcc63e90 .part v000001bfdcc01560_0, 7, 25;
L_000001bfdcc63850 .cmp/eq 25, L_000001bfdcc630d0, L_000001bfdcc63e90;
S_000001bfdcaf4a70 .scope begin, "$ivl_for_loop1" "$ivl_for_loop1" 8 24, 8 24 0, S_000001bfdcaf48e0;
 .timescale 0 0;
v000001bfdcb837f0_0 .var/2s "i", 31 0;
S_000001bfdca6b580 .scope generate, "genblk1[0]" "genblk1[0]" 8 41, 8 41 0, S_000001bfdcaf48e0;
 .timescale 0 0;
P_000001bfdcb8e740 .param/l "i" 0 8 41, +C4<00>;
S_000001bfdca6b710 .scope generate, "genblk1[1]" "genblk1[1]" 8 41, 8 41 0, S_000001bfdcaf48e0;
 .timescale 0 0;
P_000001bfdcb8e780 .param/l "i" 0 8 41, +C4<01>;
S_000001bfdcafca10 .scope generate, "genblk1[2]" "genblk1[2]" 8 41, 8 41 0, S_000001bfdcaf48e0;
 .timescale 0 0;
P_000001bfdcb8eb80 .param/l "i" 0 8 41, +C4<010>;
S_000001bfdcbf3a50 .scope generate, "genblk1[3]" "genblk1[3]" 8 41, 8 41 0, S_000001bfdcaf48e0;
 .timescale 0 0;
P_000001bfdcb8e8c0 .param/l "i" 0 8 41, +C4<011>;
S_000001bfdcbf3410 .scope generate, "genblk1[4]" "genblk1[4]" 8 41, 8 41 0, S_000001bfdcaf48e0;
 .timescale 0 0;
P_000001bfdcb8ecc0 .param/l "i" 0 8 41, +C4<0100>;
S_000001bfdcbf35a0 .scope generate, "genblk1[5]" "genblk1[5]" 8 41, 8 41 0, S_000001bfdcaf48e0;
 .timescale 0 0;
P_000001bfdcb8e800 .param/l "i" 0 8 41, +C4<0101>;
S_000001bfdcbf4090 .scope generate, "genblk1[6]" "genblk1[6]" 8 41, 8 41 0, S_000001bfdcaf48e0;
 .timescale 0 0;
P_000001bfdcb8e940 .param/l "i" 0 8 41, +C4<0110>;
S_000001bfdcbf3d70 .scope generate, "genblk1[7]" "genblk1[7]" 8 41, 8 41 0, S_000001bfdcaf48e0;
 .timescale 0 0;
P_000001bfdcb8ee80 .param/l "i" 0 8 41, +C4<0111>;
S_000001bfdcbf3f00 .scope generate, "genblk1[8]" "genblk1[8]" 8 41, 8 41 0, S_000001bfdcaf48e0;
 .timescale 0 0;
P_000001bfdcb8e9c0 .param/l "i" 0 8 41, +C4<01000>;
S_000001bfdcbf38c0 .scope generate, "genblk1[9]" "genblk1[9]" 8 41, 8 41 0, S_000001bfdcaf48e0;
 .timescale 0 0;
P_000001bfdcb8eec0 .param/l "i" 0 8 41, +C4<01001>;
S_000001bfdcbf4220 .scope generate, "genblk1[10]" "genblk1[10]" 8 41, 8 41 0, S_000001bfdcaf48e0;
 .timescale 0 0;
P_000001bfdcb8ea80 .param/l "i" 0 8 41, +C4<01010>;
S_000001bfdcbf3730 .scope generate, "genblk1[11]" "genblk1[11]" 8 41, 8 41 0, S_000001bfdcaf48e0;
 .timescale 0 0;
P_000001bfdcb8eac0 .param/l "i" 0 8 41, +C4<01011>;
S_000001bfdcbf3be0 .scope generate, "genblk1[12]" "genblk1[12]" 8 41, 8 41 0, S_000001bfdcaf48e0;
 .timescale 0 0;
P_000001bfdcb8eb00 .param/l "i" 0 8 41, +C4<01100>;
S_000001bfdcbf5230 .scope generate, "genblk1[13]" "genblk1[13]" 8 41, 8 41 0, S_000001bfdcaf48e0;
 .timescale 0 0;
P_000001bfdcb8eb40 .param/l "i" 0 8 41, +C4<01101>;
S_000001bfdcbf4420 .scope generate, "genblk1[14]" "genblk1[14]" 8 41, 8 41 0, S_000001bfdcaf48e0;
 .timescale 0 0;
P_000001bfdcb8ebc0 .param/l "i" 0 8 41, +C4<01110>;
S_000001bfdcbf5870 .scope generate, "genblk1[15]" "genblk1[15]" 8 41, 8 41 0, S_000001bfdcaf48e0;
 .timescale 0 0;
P_000001bfdcb8ef80 .param/l "i" 0 8 41, +C4<01111>;
S_000001bfdcbf5550 .scope generate, "genblk1[16]" "genblk1[16]" 8 41, 8 41 0, S_000001bfdcaf48e0;
 .timescale 0 0;
P_000001bfdcb8efc0 .param/l "i" 0 8 41, +C4<010000>;
S_000001bfdcbf56e0 .scope generate, "genblk1[17]" "genblk1[17]" 8 41, 8 41 0, S_000001bfdcaf48e0;
 .timescale 0 0;
P_000001bfdcb8f040 .param/l "i" 0 8 41, +C4<010001>;
S_000001bfdcbf48d0 .scope generate, "genblk1[18]" "genblk1[18]" 8 41, 8 41 0, S_000001bfdcaf48e0;
 .timescale 0 0;
P_000001bfdcb8f3c0 .param/l "i" 0 8 41, +C4<010010>;
S_000001bfdcbf4a60 .scope generate, "genblk1[19]" "genblk1[19]" 8 41, 8 41 0, S_000001bfdcaf48e0;
 .timescale 0 0;
P_000001bfdcb8f600 .param/l "i" 0 8 41, +C4<010011>;
S_000001bfdcbf4f10 .scope generate, "genblk1[20]" "genblk1[20]" 8 41, 8 41 0, S_000001bfdcaf48e0;
 .timescale 0 0;
P_000001bfdcb8f5c0 .param/l "i" 0 8 41, +C4<010100>;
S_000001bfdcbf45b0 .scope generate, "genblk1[21]" "genblk1[21]" 8 41, 8 41 0, S_000001bfdcaf48e0;
 .timescale 0 0;
P_000001bfdcb8f980 .param/l "i" 0 8 41, +C4<010101>;
S_000001bfdcbf5eb0 .scope generate, "genblk1[22]" "genblk1[22]" 8 41, 8 41 0, S_000001bfdcaf48e0;
 .timescale 0 0;
P_000001bfdcb8f840 .param/l "i" 0 8 41, +C4<010110>;
S_000001bfdcbf61d0 .scope generate, "genblk1[23]" "genblk1[23]" 8 41, 8 41 0, S_000001bfdcaf48e0;
 .timescale 0 0;
P_000001bfdcb8fd40 .param/l "i" 0 8 41, +C4<010111>;
S_000001bfdcbf4bf0 .scope generate, "genblk1[24]" "genblk1[24]" 8 41, 8 41 0, S_000001bfdcaf48e0;
 .timescale 0 0;
P_000001bfdcb8fa00 .param/l "i" 0 8 41, +C4<011000>;
S_000001bfdcbf53c0 .scope generate, "genblk1[25]" "genblk1[25]" 8 41, 8 41 0, S_000001bfdcaf48e0;
 .timescale 0 0;
P_000001bfdcb8fac0 .param/l "i" 0 8 41, +C4<011001>;
S_000001bfdcbf4740 .scope generate, "genblk1[26]" "genblk1[26]" 8 41, 8 41 0, S_000001bfdcaf48e0;
 .timescale 0 0;
P_000001bfdcb8ff40 .param/l "i" 0 8 41, +C4<011010>;
S_000001bfdcbf4d80 .scope generate, "genblk1[27]" "genblk1[27]" 8 41, 8 41 0, S_000001bfdcaf48e0;
 .timescale 0 0;
P_000001bfdcb8fb00 .param/l "i" 0 8 41, +C4<011011>;
S_000001bfdcbf5a00 .scope generate, "genblk1[28]" "genblk1[28]" 8 41, 8 41 0, S_000001bfdcaf48e0;
 .timescale 0 0;
P_000001bfdcb8f900 .param/l "i" 0 8 41, +C4<011100>;
S_000001bfdcbf5b90 .scope generate, "genblk1[29]" "genblk1[29]" 8 41, 8 41 0, S_000001bfdcaf48e0;
 .timescale 0 0;
P_000001bfdcb8f400 .param/l "i" 0 8 41, +C4<011101>;
S_000001bfdcbf5d20 .scope generate, "genblk1[30]" "genblk1[30]" 8 41, 8 41 0, S_000001bfdcaf48e0;
 .timescale 0 0;
P_000001bfdcb8fc00 .param/l "i" 0 8 41, +C4<011110>;
S_000001bfdcbf6040 .scope generate, "genblk1[31]" "genblk1[31]" 8 41, 8 41 0, S_000001bfdcaf48e0;
 .timescale 0 0;
P_000001bfdcb8f540 .param/l "i" 0 8 41, +C4<011111>;
S_000001bfdcbf50a0 .scope module, "c" "controller" 7 27, 9 1 0, S_000001bfdcb0a130;
 .timescale 0 0;
    .port_info 0 /INPUT 7 "op";
    .port_info 1 /INPUT 3 "funct3";
    .port_info 2 /INPUT 1 "funct7";
    .port_info 3 /OUTPUT 1 "memWrite";
    .port_info 4 /OUTPUT 1 "ALUsrcB";
    .port_info 5 /OUTPUT 1 "regWrite";
    .port_info 6 /OUTPUT 1 "Jsrc";
    .port_info 7 /OUTPUT 1 "branch";
    .port_info 8 /OUTPUT 1 "jump";
    .port_info 9 /OUTPUT 2 "resultSrc";
    .port_info 10 /OUTPUT 2 "ALUsrcA";
    .port_info 11 /OUTPUT 3 "immSrc";
    .port_info 12 /OUTPUT 4 "ALUcontrol";
v000001bfdcbf6610_0 .var "ALUcontrol", 3 0;
v000001bfdcbf7d30_0 .net "ALUop", 1 0, L_000001bfdcc65830;  1 drivers
v000001bfdcbf76f0_0 .net "ALUsrcA", 1 0, L_000001bfdcc65fb0;  alias, 1 drivers
v000001bfdcbf6c50_0 .net "ALUsrcB", 0 0, L_000001bfdcc65f10;  alias, 1 drivers
v000001bfdcbf6bb0_0 .net "Jsrc", 0 0, L_000001bfdcc65a10;  alias, 1 drivers
v000001bfdcbf7010_0 .net *"_ivl_12", 14 0, v000001bfdcbf6750_0;  1 drivers
v000001bfdcbf80f0_0 .net "branch", 0 0, L_000001bfdcc658d0;  alias, 1 drivers
v000001bfdcbf6750_0 .var "controls", 14 0;
v000001bfdcbf6f70_0 .net "funct3", 2 0, L_000001bfdcc65ab0;  1 drivers
v000001bfdcbf6570_0 .net "funct7", 0 0, L_000001bfdcc65d30;  1 drivers
v000001bfdcbf67f0_0 .net "immSrc", 2 0, L_000001bfdcc65290;  alias, 1 drivers
v000001bfdcbf6890_0 .net "jump", 0 0, L_000001bfdcc66050;  alias, 1 drivers
v000001bfdcbf71f0_0 .net "memWrite", 0 0, L_000001bfdcc653d0;  alias, 1 drivers
v000001bfdcbf6e30_0 .net "op", 6 0, L_000001bfdcc65790;  1 drivers
v000001bfdcbf6cf0_0 .net "regWrite", 0 0, L_000001bfdcc65e70;  alias, 1 drivers
v000001bfdcbf6b10_0 .net "resultSrc", 1 0, L_000001bfdcc656f0;  alias, 1 drivers
E_000001bfdcb900c0 .event anyedge, v000001bfdcbf7d30_0, v000001bfdcbf6e30_0, v000001bfdcbf6f70_0, v000001bfdcbf6570_0;
E_000001bfdcb8f640 .event anyedge, v000001bfdcbf6e30_0;
L_000001bfdcc658d0 .part v000001bfdcbf6750_0, 14, 1;
L_000001bfdcc656f0 .part v000001bfdcbf6750_0, 12, 2;
L_000001bfdcc653d0 .part v000001bfdcbf6750_0, 11, 1;
L_000001bfdcc65fb0 .part v000001bfdcbf6750_0, 9, 2;
L_000001bfdcc65f10 .part v000001bfdcbf6750_0, 8, 1;
L_000001bfdcc65e70 .part v000001bfdcbf6750_0, 7, 1;
L_000001bfdcc65290 .part v000001bfdcbf6750_0, 4, 3;
L_000001bfdcc65830 .part v000001bfdcbf6750_0, 2, 2;
L_000001bfdcc66050 .part v000001bfdcbf6750_0, 1, 1;
L_000001bfdcc65a10 .part v000001bfdcbf6750_0, 0, 1;
S_000001bfdcbf88f0 .scope module, "dp" "datapath" 7 18, 10 6 0, S_000001bfdcb0a130;
 .timescale 0 0;
    .port_info 0 /INPUT 1 "clk";
    .port_info 1 /INPUT 1 "rst";
    .port_info 2 /INPUT 1 "jumpD";
    .port_info 3 /INPUT 1 "branchD";
    .port_info 4 /INPUT 1 "JsrcD";
    .port_info 5 /INPUT 1 "ALUsrcBD";
    .port_info 6 /INPUT 1 "memWriteD";
    .port_info 7 /INPUT 1 "regWriteD";
    .port_info 8 /INPUT 1 "bpPred";
    .port_info 9 /INPUT 1 "bpValid";
    .port_info 10 /OUTPUT 1 "corr_pred";
    .port_info 11 /OUTPUT 1 "bpUpdate";
    .port_info 12 /INPUT 2 "resultSrcD";
    .port_info 13 /INPUT 2 "ALUsrcAD";
    .port_info 14 /INPUT 3 "immSrcD";
    .port_info 15 /INPUT 4 "ALUcontrolD";
    .port_info 16 /INPUT 32 "instrF";
    .port_info 17 /INPUT 32 "readDataM";
    .port_info 18 /INPUT 32 "bpDest";
    .port_info 19 /OUTPUT 1 "memWriteM";
    .port_info 20 /OUTPUT 32 "dataAdrM";
    .port_info 21 /OUTPUT 32 "writeDataM";
    .port_info 22 /OUTPUT 32 "PCF";
    .port_info 23 /OUTPUT 32 "PCE";
    .port_info 24 /OUTPUT 32 "instrD";
    .port_info 25 /OUTPUT 32 "PCtargetE";
    .port_info 26 /OUTPUT 1024 "regs";
    .port_info 27 /OUTPUT 5 "rs1E";
    .port_info 28 /OUTPUT 5 "rs2E";
    .port_info 29 /OUTPUT 5 "rdM";
    .port_info 30 /OUTPUT 5 "rdW";
    .port_info 31 /OUTPUT 1 "regWriteM";
    .port_info 32 /OUTPUT 1 "regWriteW";
    .port_info 33 /INPUT 2 "forwardAE";
    .port_info 34 /INPUT 2 "forwardBE";
    .port_info 35 /OUTPUT 5 "rs1D";
    .port_info 36 /OUTPUT 5 "rs2D";
    .port_info 37 /OUTPUT 5 "rdE";
    .port_info 38 /OUTPUT 1 "resultSrcE0";
    .port_info 39 /INPUT 1 "stallF";
    .port_info 40 /INPUT 1 "stallD";
    .port_info 41 /OUTPUT 1 "PCsrcE";
    .port_info 42 /INPUT 1 "flushD";
    .port_info 43 /INPUT 1 "flushE";
L_000001bfdcb72cb0 .functor BUFZ 32, v000001bfdcc032f0_0, C4<00000000000000000000000000000000>, C4<00000000000000000000000000000000>, C4<00000000000000000000000000000000>;
v000001bfdcc03110_0 .net "ALUcontrolD", 3 0, v000001bfdcbf6610_0;  alias, 1 drivers
v000001bfdcc031b0_0 .var "ALUcontrolE", 3 0;
v000001bfdcc04150_0 .net "ALUresultE", 31 0, v000001bfdcc001d0_0;  1 drivers
v000001bfdcc032f0_0 .var "ALUresultM", 31 0;
v000001bfdcc03a70_0 .var "ALUresultW", 31 0;
v000001bfdcc03b10_0 .net "ALUsrcAD", 1 0, L_000001bfdcc65fb0;  alias, 1 drivers
v000001bfdcc03cf0_0 .var "ALUsrcAE", 1 0;
v000001bfdcc02990_0 .net "ALUsrcBD", 0 0, L_000001bfdcc65f10;  alias, 1 drivers
v000001bfdcc03430_0 .var "ALUsrcBE", 0 0;
v000001bfdcc02ad0_0 .net "JsrcD", 0 0, L_000001bfdcc65a10;  alias, 1 drivers
v000001bfdcc03250_0 .var "JsrcE", 0 0;
v000001bfdcc02c10_0 .var "PCD", 31 0;
v000001bfdcc02cb0_0 .var "PCE", 31 0;
v000001bfdcc02710_0 .net "PCF", 31 0, v000001bfdcc01560_0;  alias, 1 drivers
v000001bfdcc03e30_0 .var "PCplus4D", 31 0;
v000001bfdcc034d0_0 .var "PCplus4E", 31 0;
v000001bfdcc02490_0 .net "PCplus4F", 31 0, L_000001bfdcc08d60;  1 drivers
v000001bfdcc03390_0 .var "PCplus4M", 31 0;
v000001bfdcc02df0_0 .var "PCplus4W", 31 0;
v000001bfdcc02f30_0 .net "PCsrcE", 0 0, L_000001bfdcb72d20;  alias, 1 drivers
v000001bfdcc028f0_0 .net "PCtargetE", 31 0, v000001bfdcc014c0_0;  alias, 1 drivers
v000001bfdcc03570_0 .net "bpDest", 31 0, v000001bfdcb42be0_0;  alias, 1 drivers
v000001bfdcc03610_0 .var "bpDestD", 31 0;
v000001bfdcc036b0_0 .var "bpDestE", 31 0;
v000001bfdcc04330_0 .net "bpPred", 0 0, v000001bfdcb43400_0;  alias, 1 drivers
v000001bfdcc03d90_0 .var "bpPredD", 0 0;
v000001bfdcc03bb0_0 .var "bpPredE", 0 0;
v000001bfdcc02b70_0 .net "bpUpdate", 0 0, L_000001bfdcb72b60;  alias, 1 drivers
v000001bfdcc025d0_0 .net "bpValid", 0 0, v000001bfdcb42f00_0;  alias, 1 drivers
v000001bfdcc03750_0 .var "bpValidD", 0 0;
v000001bfdcc02fd0_0 .var "bpValidE", 0 0;
v000001bfdcc02d50_0 .net "branchD", 0 0, L_000001bfdcc658d0;  alias, 1 drivers
v000001bfdcc02530_0 .var "branchE", 0 0;
v000001bfdcc03ed0_0 .net "clk", 0 0, v000001bfdcc08e00_0;  alias, 1 drivers
v000001bfdcc027b0_0 .net "corr_pred", 0 0, L_000001bfdcb72850;  alias, 1 drivers
v000001bfdcc02670_0 .net "dataAdrM", 31 0, L_000001bfdcb72cb0;  alias, 1 drivers
v000001bfdcc02850_0 .net "flushD", 0 0, L_000001bfdcb721c0;  alias, 1 drivers
v000001bfdcc02e90_0 .net "flushE", 0 0, L_000001bfdcb71f20;  alias, 1 drivers
v000001bfdcc03070_0 .net "forwardAE", 1 0, v000001bfdcc06740_0;  alias, 1 drivers
v000001bfdcc03c50_0 .net "forwardBE", 1 0, v000001bfdcc08860_0;  alias, 1 drivers
v000001bfdcc037f0_0 .var "funct3E", 2 0;
v000001bfdcc03f70_0 .net "immExtD", 31 0, v000001bfdcbf69d0_0;  1 drivers
v000001bfdcc04010_0 .var "immExtE", 31 0;
v000001bfdcc040b0_0 .net "immSrcD", 2 0, L_000001bfdcc65290;  alias, 1 drivers
v000001bfdcc058a0_0 .var "instrD", 31 0;
v000001bfdcc053a0_0 .net "instrF", 31 0, L_000001bfdcb716d0;  alias, 1 drivers
v000001bfdcc04540_0 .net "jumpD", 0 0, L_000001bfdcc66050;  alias, 1 drivers
v000001bfdcc04ea0_0 .var "jumpE", 0 0;
v000001bfdcc05a80_0 .net "memWriteD", 0 0, L_000001bfdcc653d0;  alias, 1 drivers
v000001bfdcc051c0_0 .var "memWriteE", 0 0;
v000001bfdcc05da0_0 .var "memWriteM", 0 0;
v000001bfdcc05080_0 .net "rd1D", 31 0, L_000001bfdcc09bc0;  1 drivers
v000001bfdcc06160_0 .var "rd1E", 31 0;
v000001bfdcc062a0_0 .net "rd2D", 31 0, L_000001bfdcc09d00;  1 drivers
v000001bfdcc06200_0 .var "rd2E", 31 0;
v000001bfdcc045e0_0 .net "rdD", 4 0, L_000001bfdcc09b20;  1 drivers
v000001bfdcc05d00_0 .var "rdE", 4 0;
v000001bfdcc05940_0 .var "rdM", 4 0;
v000001bfdcc04f40_0 .var "rdW", 4 0;
v000001bfdcc04cc0_0 .net "readDataM", 31 0, L_000001bfdcb72e00;  alias, 1 drivers
v000001bfdcc047c0_0 .var "readDataW", 31 0;
v000001bfdcc056c0_0 .net "regWriteD", 0 0, L_000001bfdcc65e70;  alias, 1 drivers
v000001bfdcc059e0_0 .var "regWriteE", 0 0;
v000001bfdcc05120_0 .var "regWriteM", 0 0;
v000001bfdcc06340_0 .var "regWriteW", 0 0;
v000001bfdcc04fe0_0 .net "regs", 1023 0, v000001bfdcbf64d0_0;  alias, 1 drivers
v000001bfdcc04860_0 .net "resultSrcD", 1 0, L_000001bfdcc656f0;  alias, 1 drivers
v000001bfdcc049a0_0 .var "resultSrcE", 1 0;
v000001bfdcc04d60_0 .net "resultSrcE0", 0 0, L_000001bfdcc0a0c0;  alias, 1 drivers
v000001bfdcc04c20_0 .var "resultSrcM", 1 0;
v000001bfdcc05b20_0 .var "resultSrcW", 1 0;
v000001bfdcc05bc0_0 .net "resultW", 31 0, v000001bfdcc041f0_0;  1 drivers
v000001bfdcc05440_0 .net "rs1D", 4 0, L_000001bfdcc09260;  alias, 1 drivers
v000001bfdcc04900_0 .var "rs1E", 4 0;
v000001bfdcc05760_0 .net "rs2D", 4 0, L_000001bfdcc09940;  alias, 1 drivers
v000001bfdcc04680_0 .var "rs2E", 4 0;
v000001bfdcc044a0_0 .net "rst", 0 0, v000001bfdcc09620_0;  alias, 1 drivers
v000001bfdcc04720_0 .net "stallD", 0 0, L_000001bfdcb71a50;  alias, 1 drivers
v000001bfdcc05260_0 .net "stallF", 0 0, L_000001bfdcb72e70;  alias, 1 drivers
v000001bfdcc04a40_0 .net "writeDataE", 31 0, v000001bfdcc012e0_0;  1 drivers
v000001bfdcc05300_0 .var "writeDataM", 31 0;
L_000001bfdcc0a0c0 .part v000001bfdcc049a0_0, 0, 1;
S_000001bfdcbf8c10 .scope module, "d" "decode" 10 60, 11 4 0, S_000001bfdcbf88f0;
 .timescale 0 0;
    .port_info 0 /INPUT 32 "instrD";
    .port_info 1 /INPUT 32 "resultW";
    .port_info 2 /INPUT 5 "rdW";
    .port_info 3 /INPUT 3 "immSrcD";
    .port_info 4 /INPUT 1 "regWriteW";
    .port_info 5 /INPUT 1 "clk";
    .port_info 6 /OUTPUT 5 "rs1D";
    .port_info 7 /OUTPUT 5 "rs2D";
    .port_info 8 /OUTPUT 5 "rdD";
    .port_info 9 /OUTPUT 32 "rd1D";
    .port_info 10 /OUTPUT 32 "rd2D";
    .port_info 11 /OUTPUT 32 "immExtD";
    .port_info 12 /OUTPUT 1024 "regs";
v000001bfdcbffff0_0 .net "clk", 0 0, v000001bfdcc08e00_0;  alias, 1 drivers
v000001bfdcbffcd0_0 .net "immExtD", 31 0, v000001bfdcbf69d0_0;  alias, 1 drivers
v000001bfdcbfe790_0 .net "immSrcD", 2 0, L_000001bfdcc65290;  alias, 1 drivers
v000001bfdcbfeab0_0 .net "instrD", 31 0, v000001bfdcc058a0_0;  alias, 1 drivers
v000001bfdcbfe8d0_0 .net "rd1D", 31 0, L_000001bfdcc09bc0;  alias, 1 drivers
v000001bfdcbfec90_0 .net "rd2D", 31 0, L_000001bfdcc09d00;  alias, 1 drivers
v000001bfdcbfe6f0_0 .net "rdD", 4 0, L_000001bfdcc09b20;  alias, 1 drivers
v000001bfdcbfed30_0 .net "rdW", 4 0, v000001bfdcc04f40_0;  alias, 1 drivers
v000001bfdcbff910_0 .net "regWriteW", 0 0, v000001bfdcc06340_0;  alias, 1 drivers
v000001bfdcbff5f0_0 .net "regs", 1023 0, v000001bfdcbf64d0_0;  alias, 1 drivers
v000001bfdcbff230_0 .net "resultW", 31 0, v000001bfdcc041f0_0;  alias, 1 drivers
v000001bfdcbfedd0_0 .net "rs1D", 4 0, L_000001bfdcc09260;  alias, 1 drivers
v000001bfdcbfee70_0 .net "rs2D", 4 0, L_000001bfdcc09940;  alias, 1 drivers
L_000001bfdcc091c0 .part v000001bfdcc058a0_0, 7, 25;
L_000001bfdcc09260 .part v000001bfdcc058a0_0, 15, 5;
L_000001bfdcc09940 .part v000001bfdcc058a0_0, 20, 5;
L_000001bfdcc09b20 .part v000001bfdcc058a0_0, 7, 5;
S_000001bfdcbf8da0 .scope module, "ie" "immExt" 11 14, 12 1 0, S_000001bfdcbf8c10;
 .timescale 0 0;
    .port_info 0 /INPUT 3 "immSrc";
    .port_info 1 /INPUT 25 "imm";
    .port_info 2 /OUTPUT 32 "immExt";
v000001bfdcbf6930_0 .net "imm", 31 7, L_000001bfdcc091c0;  1 drivers
v000001bfdcbf69d0_0 .var "immExt", 31 0;
v000001bfdcbf7290_0 .net "immSrc", 2 0, L_000001bfdcc65290;  alias, 1 drivers
E_000001bfdcb8f9c0/0 .event anyedge, v000001bfdcbf67f0_0, v000001bfdcbf6930_0, v000001bfdcbf6930_0, v000001bfdcbf6930_0;
E_000001bfdcb8f9c0/1 .event anyedge, v000001bfdcbf6930_0, v000001bfdcbf6930_0, v000001bfdcbf6930_0, v000001bfdcbf6930_0;
E_000001bfdcb8f9c0/2 .event anyedge, v000001bfdcbf6930_0, v000001bfdcbf6930_0, v000001bfdcbf6930_0, v000001bfdcbf6930_0;
E_000001bfdcb8f9c0 .event/or E_000001bfdcb8f9c0/0, E_000001bfdcb8f9c0/1, E_000001bfdcb8f9c0/2;
S_000001bfdcbf85d0 .scope module, "rf" "regFile" 11 20, 13 1 0, S_000001bfdcbf8c10;
 .timescale 0 0;
    .port_info 0 /INPUT 5 "adrr1";
    .port_info 1 /INPUT 5 "adrr2";
    .port_info 2 /INPUT 5 "adrw";
    .port_info 3 /INPUT 32 "wd";
    .port_info 4 /INPUT 1 "we";
    .port_info 5 /INPUT 1 "clk";
    .port_info 6 /OUTPUT 32 "rd1";
    .port_info 7 /OUTPUT 32 "rd2";
    .port_info 8 /OUTPUT 1024 "regs";
v000001bfdcbf7970_0 .net *"_ivl_0", 31 0, L_000001bfdcc099e0;  1 drivers
L_000001bfdcc0a550 .functor BUFT 1, C4<00000>, C4<0>, C4<0>, C4<0>;
v000001bfdcbf7790_0 .net *"_ivl_11", 4 0, L_000001bfdcc0a550;  1 drivers
L_000001bfdcc0a598 .functor BUFT 1, C4<0000100000>, C4<0>, C4<0>, C4<0>;
v000001bfdcbf73d0_0 .net/2u *"_ivl_12", 9 0, L_000001bfdcc0a598;  1 drivers
v000001bfdcbf6ed0_0 .net *"_ivl_15", 9 0, L_000001bfdcc096c0;  1 drivers
v000001bfdcbf70b0_0 .net *"_ivl_17", 31 0, L_000001bfdcc09f80;  1 drivers
L_000001bfdcc0a5e0 .functor BUFT 1, C4<00000000000000000000000000000000>, C4<0>, C4<0>, C4<0>;
v000001bfdcbf7470_0 .net/2u *"_ivl_18", 31 0, L_000001bfdcc0a5e0;  1 drivers
v000001bfdcbf7150_0 .net *"_ivl_22", 31 0, L_000001bfdcc09e40;  1 drivers
L_000001bfdcc0a628 .functor BUFT 1, C4<000000000000000000000000000>, C4<0>, C4<0>, C4<0>;
v000001bfdcbf7a10_0 .net *"_ivl_25", 26 0, L_000001bfdcc0a628;  1 drivers
L_000001bfdcc0a670 .functor BUFT 1, C4<00000000000000000000000000000000>, C4<0>, C4<0>, C4<0>;
v000001bfdcbf7330_0 .net/2u *"_ivl_26", 31 0, L_000001bfdcc0a670;  1 drivers
v000001bfdcbf8190_0 .net *"_ivl_28", 0 0, L_000001bfdcc0a200;  1 drivers
L_000001bfdcc0a4c0 .functor BUFT 1, C4<000000000000000000000000000>, C4<0>, C4<0>, C4<0>;
v000001bfdcbf8230_0 .net *"_ivl_3", 26 0, L_000001bfdcc0a4c0;  1 drivers
v000001bfdcbf7510_0 .net *"_ivl_30", 9 0, L_000001bfdcc08fe0;  1 drivers
L_000001bfdcc0a6b8 .functor BUFT 1, C4<00000>, C4<0>, C4<0>, C4<0>;
v000001bfdcbf75b0_0 .net *"_ivl_33", 4 0, L_000001bfdcc0a6b8;  1 drivers
L_000001bfdcc0a700 .functor BUFT 1, C4<0000100000>, C4<0>, C4<0>, C4<0>;
v000001bfdcbf7bf0_0 .net/2u *"_ivl_34", 9 0, L_000001bfdcc0a700;  1 drivers
v000001bfdcbf66b0_0 .net *"_ivl_37", 9 0, L_000001bfdcc09120;  1 drivers
v000001bfdcbf7e70_0 .net *"_ivl_39", 31 0, L_000001bfdcc09440;  1 drivers
L_000001bfdcc0a508 .functor BUFT 1, C4<00000000000000000000000000000000>, C4<0>, C4<0>, C4<0>;
v000001bfdcbf7dd0_0 .net/2u *"_ivl_4", 31 0, L_000001bfdcc0a508;  1 drivers
L_000001bfdcc0a748 .functor BUFT 1, C4<00000000000000000000000000000000>, C4<0>, C4<0>, C4<0>;
v000001bfdcbf7650_0 .net/2u *"_ivl_40", 31 0, L_000001bfdcc0a748;  1 drivers
v000001bfdcbf7fb0_0 .net *"_ivl_6", 0 0, L_000001bfdcc09c60;  1 drivers
v000001bfdcbf7830_0 .net *"_ivl_8", 9 0, L_000001bfdcc08f40;  1 drivers
v000001bfdcbf8050_0 .net "adrr1", 4 0, L_000001bfdcc09260;  alias, 1 drivers
v000001bfdcbf78d0_0 .net "adrr2", 4 0, L_000001bfdcc09940;  alias, 1 drivers
v000001bfdcbf82d0_0 .net "adrw", 4 0, v000001bfdcc04f40_0;  alias, 1 drivers
v000001bfdcbf7ab0_0 .net "clk", 0 0, v000001bfdcc08e00_0;  alias, 1 drivers
v000001bfdcbf7c90_0 .net "rd1", 31 0, L_000001bfdcc09bc0;  alias, 1 drivers
v000001bfdcbf6430_0 .net "rd2", 31 0, L_000001bfdcc09d00;  alias, 1 drivers
v000001bfdcbf64d0_0 .var "regs", 1023 0;
v000001bfdcbfe830_0 .var "rf", 1023 0;
v000001bfdcbfe5b0_0 .net "wd", 31 0, v000001bfdcc041f0_0;  alias, 1 drivers
v000001bfdcc00130_0 .net "we", 0 0, v000001bfdcc06340_0;  alias, 1 drivers
E_000001bfdcb8f8c0 .event anyedge, v000001bfdcbfe830_0;
E_000001bfdcb8f200 .event negedge, v000001bfdcb82030_0;
L_000001bfdcc099e0 .concat [ 5 27 0 0], L_000001bfdcc09260, L_000001bfdcc0a4c0;
L_000001bfdcc09c60 .cmp/ne 32, L_000001bfdcc099e0, L_000001bfdcc0a508;
L_000001bfdcc08f40 .concat [ 5 5 0 0], L_000001bfdcc09260, L_000001bfdcc0a550;
L_000001bfdcc096c0 .arith/mult 10, L_000001bfdcc08f40, L_000001bfdcc0a598;
L_000001bfdcc09f80 .part/v v000001bfdcbfe830_0, L_000001bfdcc096c0, 32;
L_000001bfdcc09bc0 .functor MUXZ 32, L_000001bfdcc0a5e0, L_000001bfdcc09f80, L_000001bfdcc09c60, C4<>;
L_000001bfdcc09e40 .concat [ 5 27 0 0], L_000001bfdcc09940, L_000001bfdcc0a628;
L_000001bfdcc0a200 .cmp/ne 32, L_000001bfdcc09e40, L_000001bfdcc0a670;
L_000001bfdcc08fe0 .concat [ 5 5 0 0], L_000001bfdcc09940, L_000001bfdcc0a6b8;
L_000001bfdcc09120 .arith/mult 10, L_000001bfdcc08fe0, L_000001bfdcc0a700;
L_000001bfdcc09440 .part/v v000001bfdcbfe830_0, L_000001bfdcc09120, 32;
L_000001bfdcc09d00 .functor MUXZ 32, L_000001bfdcc0a748, L_000001bfdcc09440, L_000001bfdcc0a200, C4<>;
S_000001bfdcbf8a80 .scope begin, "$ivl_for_loop0" "$ivl_for_loop0" 13 17, 13 17 0, S_000001bfdcbf85d0;
 .timescale 0 0;
v000001bfdcbf6a70_0 .var/2s "i", 31 0;
S_000001bfdcbf9890 .scope module, "e" "execute" 10 102, 14 3 0, S_000001bfdcbf88f0;
 .timescale 0 0;
    .port_info 0 /INPUT 32 "immExtE";
    .port_info 1 /INPUT 32 "rd1E";
    .port_info 2 /INPUT 32 "rd2E";
    .port_info 3 /INPUT 32 "PCE";
    .port_info 4 /INPUT 32 "ALUresultM";
    .port_info 5 /INPUT 32 "resultW";
    .port_info 6 /INPUT 32 "bpDestE";
    .port_info 7 /INPUT 4 "ALUcontrolE";
    .port_info 8 /INPUT 3 "funct3";
    .port_info 9 /INPUT 2 "ALUsrcAE";
    .port_info 10 /INPUT 2 "forwardAE";
    .port_info 11 /INPUT 2 "forwardBE";
    .port_info 12 /INPUT 1 "jumpE";
    .port_info 13 /INPUT 1 "branchE";
    .port_info 14 /INPUT 1 "JsrcE";
    .port_info 15 /INPUT 1 "bpPredE";
    .port_info 16 /INPUT 1 "bpValidE";
    .port_info 17 /INPUT 1 "ALUsrcBE";
    .port_info 18 /OUTPUT 1 "PCsrcE";
    .port_info 19 /OUTPUT 1 "corr_pred";
    .port_info 20 /OUTPUT 1 "bpUpdate";
    .port_info 21 /OUTPUT 32 "PCtargetE";
    .port_info 22 /OUTPUT 32 "ALUresultE";
    .port_info 23 /OUTPUT 32 "writeDataE";
L_000001bfdcb720e0 .functor NOT 1, v000001bfdcc02fd0_0, C4<0>, C4<0>, C4<0>;
L_000001bfdcb71660 .functor OR 1, v000001bfdcc04ea0_0, v000001bfdcc02530_0, C4<0>, C4<0>;
L_000001bfdcb72b60 .functor AND 1, L_000001bfdcb720e0, L_000001bfdcb71660, C4<1>, C4<1>;
L_000001bfdcb71ba0 .functor AND 1, L_000001bfdcc650b0, v000001bfdcc03bb0_0, C4<1>, C4<1>;
L_000001bfdcb71e40 .functor AND 1, v000001bfdcc02530_0, v000001bfdcc01ba0_0, C4<1>, C4<1>;
L_000001bfdcb71cf0 .functor OR 1, v000001bfdcc04ea0_0, L_000001bfdcb71e40, C4<0>, C4<0>;
L_000001bfdcb71580 .functor XOR 1, L_000001bfdcb71cf0, v000001bfdcc03bb0_0, C4<0>, C4<0>;
L_000001bfdcb72850 .functor OR 1, L_000001bfdcb71ba0, L_000001bfdcb71580, C4<0>, C4<0>;
L_000001bfdcb72d20 .functor BUFZ 1, L_000001bfdcb72850, C4<0>, C4<0>, C4<0>;
v000001bfdcbff9b0_0 .net "ALUcontrolE", 3 0, v000001bfdcc031b0_0;  1 drivers
v000001bfdcbffa50_0 .net "ALUresultE", 31 0, v000001bfdcc001d0_0;  alias, 1 drivers
v000001bfdcc00520_0 .net "ALUresultM", 31 0, v000001bfdcc032f0_0;  1 drivers
v000001bfdcc00de0_0 .net "ALUsrcAE", 1 0, v000001bfdcc03cf0_0;  1 drivers
v000001bfdcc00fc0_0 .net "ALUsrcBE", 0 0, v000001bfdcc03430_0;  1 drivers
v000001bfdcc00980_0 .net "JsrcE", 0 0, v000001bfdcc03250_0;  1 drivers
v000001bfdcc01ce0_0 .net "PCE", 31 0, v000001bfdcc02cb0_0;  alias, 1 drivers
v000001bfdcc011a0_0 .net "PCsrcE", 0 0, L_000001bfdcb72d20;  alias, 1 drivers
v000001bfdcc014c0_0 .var "PCtargetE", 31 0;
L_000001bfdcc0a790 .functor BUFT 1, C4<00000000000000000000000000000100>, C4<0>, C4<0>, C4<0>;
v000001bfdcc02000_0 .net/2u *"_ivl_0", 31 0, L_000001bfdcc0a790;  1 drivers
v000001bfdcc00e80_0 .net *"_ivl_10", 0 0, L_000001bfdcb71660;  1 drivers
v000001bfdcc007a0_0 .net *"_ivl_14", 0 0, L_000001bfdcc650b0;  1 drivers
v000001bfdcc01420_0 .net *"_ivl_17", 0 0, L_000001bfdcb71ba0;  1 drivers
v000001bfdcc00ac0_0 .net *"_ivl_18", 0 0, L_000001bfdcb71e40;  1 drivers
v000001bfdcc008e0_0 .net *"_ivl_20", 0 0, L_000001bfdcb71cf0;  1 drivers
v000001bfdcc020a0_0 .net *"_ivl_22", 0 0, L_000001bfdcb71580;  1 drivers
v000001bfdcc02140_0 .net *"_ivl_4", 31 0, L_000001bfdcc09080;  1 drivers
v000001bfdcc00d40_0 .net *"_ivl_8", 0 0, L_000001bfdcb720e0;  1 drivers
v000001bfdcc01920_0 .net "bpDestE", 31 0, v000001bfdcc036b0_0;  1 drivers
v000001bfdcc01600_0 .net "bpPredE", 0 0, v000001bfdcc03bb0_0;  1 drivers
v000001bfdcc00700_0 .net "bpUpdate", 0 0, L_000001bfdcb72b60;  alias, 1 drivers
v000001bfdcc00f20_0 .net "bpValidE", 0 0, v000001bfdcc02fd0_0;  1 drivers
v000001bfdcc01060_0 .net "branchE", 0 0, v000001bfdcc02530_0;  1 drivers
v000001bfdcc016a0_0 .net "carry", 0 0, L_000001bfdcc65010;  1 drivers
v000001bfdcc01ba0_0 .var "condIsTrue", 0 0;
v000001bfdcc01a60_0 .net "corr_pred", 0 0, L_000001bfdcb72850;  alias, 1 drivers
v000001bfdcc00840_0 .net "forwardAE", 1 0, v000001bfdcc06740_0;  alias, 1 drivers
v000001bfdcc02280_0 .net "forwardBE", 1 0, v000001bfdcc08860_0;  alias, 1 drivers
v000001bfdcc005c0_0 .net "funct3", 2 0, v000001bfdcc037f0_0;  1 drivers
v000001bfdcc01100_0 .net "immExtE", 31 0, v000001bfdcc04010_0;  1 drivers
v000001bfdcc019c0_0 .net "jumpE", 0 0, v000001bfdcc04ea0_0;  1 drivers
v000001bfdcc00b60_0 .net "negative", 0 0, L_000001bfdcc65bf0;  1 drivers
v000001bfdcc00660_0 .net "overflow", 0 0, L_000001bfdcb72930;  1 drivers
v000001bfdcc01240_0 .net "rd1E", 31 0, v000001bfdcc06160_0;  1 drivers
v000001bfdcc017e0_0 .net "rd2E", 31 0, v000001bfdcc06200_0;  1 drivers
v000001bfdcc021e0_0 .net "resultW", 31 0, v000001bfdcc041f0_0;  alias, 1 drivers
v000001bfdcc00a20_0 .var "srcA", 31 0;
v000001bfdcc01380_0 .var "srcB", 31 0;
v000001bfdcc02320_0 .net "target4", 31 0, L_000001bfdcc0a160;  1 drivers
v000001bfdcc00480_0 .net "targetImmExt", 31 0, L_000001bfdcc094e0;  1 drivers
v000001bfdcc012e0_0 .var "writeDataE", 31 0;
v000001bfdcc00c00_0 .net "zero", 0 0, L_000001bfdcc655b0;  1 drivers
E_000001bfdcb8f240/0 .event anyedge, v000001bfdcc005c0_0, v000001bfdcbff870_0, v000001bfdcbffb90_0, v000001bfdcbff550_0;
E_000001bfdcb8f240/1 .event anyedge, v000001bfdcbfe510_0;
E_000001bfdcb8f240 .event/or E_000001bfdcb8f240/0, E_000001bfdcb8f240/1;
E_000001bfdcb901c0 .event anyedge, v000001bfdcc00fc0_0, v000001bfdcc01100_0, v000001bfdcc012e0_0;
E_000001bfdcb8f680 .event anyedge, v000001bfdcc02280_0, v000001bfdcc017e0_0, v000001bfdcbfe5b0_0, v000001bfdcc00520_0;
E_000001bfdcb8fa80/0 .event anyedge, v000001bfdcc00de0_0, v000001bfdcc00840_0, v000001bfdcc01240_0, v000001bfdcbfe5b0_0;
E_000001bfdcb8fa80/1 .event anyedge, v000001bfdcc00520_0, v000001bfdcb64c90_0;
E_000001bfdcb8fa80 .event/or E_000001bfdcb8fa80/0, E_000001bfdcb8fa80/1;
E_000001bfdcb90100 .event anyedge, v000001bfdcb64290_0, v000001bfdcc01600_0, v000001bfdcc02320_0, v000001bfdcc00480_0;
L_000001bfdcc0a160 .arith/sum 32, v000001bfdcc02cb0_0, L_000001bfdcc0a790;
L_000001bfdcc09080 .functor MUXZ 32, v000001bfdcc02cb0_0, v000001bfdcc06160_0, v000001bfdcc03250_0, C4<>;
L_000001bfdcc094e0 .arith/sum 32, L_000001bfdcc09080, v000001bfdcc04010_0;
L_000001bfdcc650b0 .cmp/ne 32, v000001bfdcc036b0_0, L_000001bfdcc094e0;
S_000001bfdcbf90c0 .scope module, "alu" "ALU" 14 62, 15 1 0, S_000001bfdcbf9890;
 .timescale 0 0;
    .port_info 0 /INPUT 4 "ALUcontrol";
    .port_info 1 /INPUT 32 "srcA";
    .port_info 2 /INPUT 32 "srcB";
    .port_info 3 /OUTPUT 1 "zero";
    .port_info 4 /OUTPUT 1 "negative";
    .port_info 5 /OUTPUT 1 "overflow";
    .port_info 6 /OUTPUT 1 "carry";
    .port_info 7 /OUTPUT 32 "ALUresult";
P_000001bfdcb8fcc0 .param/l "ALUcontrolWidth" 0 15 1, +C4<00000000000000000000000000000100>;
L_000001bfdcb71c80 .functor NOT 33, L_000001bfdcc09a80, C4<000000000000000000000000000000000>, C4<000000000000000000000000000000000>, C4<000000000000000000000000000000000>;
L_000001bfdcb72310 .functor XOR 1, L_000001bfdcc662d0, L_000001bfdcc64d90, C4<0>, C4<0>;
L_000001bfdcb72770 .functor XOR 1, L_000001bfdcc64e30, L_000001bfdcc65c90, C4<0>, C4<0>;
L_000001bfdcb72380 .functor XOR 1, L_000001bfdcb72770, L_000001bfdcc64ed0, C4<0>, C4<0>;
L_000001bfdcb71510 .functor NOT 1, L_000001bfdcb72380, C4<0>, C4<0>, C4<0>;
L_000001bfdcb72930 .functor AND 1, L_000001bfdcb72310, L_000001bfdcb71510, C4<1>, C4<1>;
v000001bfdcbffeb0_0 .net "ALUcontrol", 3 0, v000001bfdcc031b0_0;  alias, 1 drivers
v000001bfdcc001d0_0 .var "ALUresult", 31 0;
v000001bfdcbfff50_0 .net *"_ivl_0", 32 0, L_000001bfdcc09580;  1 drivers
v000001bfdcc00270_0 .net *"_ivl_10", 32 0, L_000001bfdcb71c80;  1 drivers
v000001bfdcbfe470_0 .net *"_ivl_12", 32 0, L_000001bfdcc054e0;  1 drivers
L_000001bfdcc0a868 .functor BUFT 1, C4<0>, C4<0>, C4<0>, C4<0>;
v000001bfdcbfef10_0 .net *"_ivl_15", 0 0, L_000001bfdcc0a868;  1 drivers
v000001bfdcbfefb0_0 .net *"_ivl_16", 32 0, L_000001bfdcc660f0;  1 drivers
v000001bfdcbffe10_0 .net *"_ivl_18", 32 0, L_000001bfdcc65330;  1 drivers
v000001bfdcc00090_0 .net *"_ivl_21", 0 0, L_000001bfdcc65dd0;  1 drivers
v000001bfdcbfe970_0 .net *"_ivl_22", 32 0, L_000001bfdcc64f70;  1 drivers
L_000001bfdcc0a8b0 .functor BUFT 1, C4<00000000000000000000000000000000>, C4<0>, C4<0>, C4<0>;
v000001bfdcbff050_0 .net *"_ivl_25", 31 0, L_000001bfdcc0a8b0;  1 drivers
L_000001bfdcc0a7d8 .functor BUFT 1, C4<0>, C4<0>, C4<0>, C4<0>;
v000001bfdcbfe650_0 .net *"_ivl_3", 0 0, L_000001bfdcc0a7d8;  1 drivers
v000001bfdcbfea10_0 .net *"_ivl_31", 31 0, L_000001bfdcc64cf0;  1 drivers
v000001bfdcbfeb50_0 .net *"_ivl_35", 0 0, L_000001bfdcc662d0;  1 drivers
v000001bfdcbff190_0 .net *"_ivl_37", 0 0, L_000001bfdcc64d90;  1 drivers
v000001bfdcbff2d0_0 .net *"_ivl_38", 0 0, L_000001bfdcb72310;  1 drivers
v000001bfdcbffd70_0 .net *"_ivl_41", 0 0, L_000001bfdcc64e30;  1 drivers
v000001bfdcbffaf0_0 .net *"_ivl_43", 0 0, L_000001bfdcc65c90;  1 drivers
v000001bfdcbfebf0_0 .net *"_ivl_44", 0 0, L_000001bfdcb72770;  1 drivers
v000001bfdcbff370_0 .net *"_ivl_47", 0 0, L_000001bfdcc64ed0;  1 drivers
v000001bfdcc00310_0 .net *"_ivl_48", 0 0, L_000001bfdcb72380;  1 drivers
v000001bfdcbff0f0_0 .net *"_ivl_5", 0 0, L_000001bfdcc09800;  1 drivers
v000001bfdcbff410_0 .net *"_ivl_50", 0 0, L_000001bfdcb71510;  1 drivers
v000001bfdcbffc30_0 .net *"_ivl_6", 32 0, L_000001bfdcc09a80;  1 drivers
L_000001bfdcc0a820 .functor BUFT 1, C4<0>, C4<0>, C4<0>, C4<0>;
v000001bfdcbff4b0_0 .net *"_ivl_9", 0 0, L_000001bfdcc0a820;  1 drivers
v000001bfdcbfe510_0 .net "carry", 0 0, L_000001bfdcc65010;  alias, 1 drivers
v000001bfdcbffb90_0 .net "negative", 0 0, L_000001bfdcc65bf0;  alias, 1 drivers
v000001bfdcbff550_0 .net "overflow", 0 0, L_000001bfdcb72930;  alias, 1 drivers
v000001bfdcbff690_0 .net "srcA", 31 0, v000001bfdcc00a20_0;  1 drivers
v000001bfdcbff730_0 .net "srcB", 31 0, v000001bfdcc01380_0;  1 drivers
v000001bfdcbff7d0_0 .net "sum", 32 0, L_000001bfdcc65b50;  1 drivers
v000001bfdcbff870_0 .net "zero", 0 0, L_000001bfdcc655b0;  alias, 1 drivers
E_000001bfdcb8fb40/0 .event anyedge, v000001bfdcbffeb0_0, v000001bfdcbff7d0_0, v000001bfdcbff690_0, v000001bfdcbff730_0;
E_000001bfdcb8fb40/1 .event anyedge, v000001bfdcbff730_0, v000001bfdcbfe510_0, v000001bfdcbff7d0_0, v000001bfdcbff550_0;
E_000001bfdcb8fb40 .event/or E_000001bfdcb8fb40/0, E_000001bfdcb8fb40/1;
L_000001bfdcc09580 .concat [ 32 1 0 0], v000001bfdcc00a20_0, L_000001bfdcc0a7d8;
L_000001bfdcc09800 .part v000001bfdcc031b0_0, 0, 1;
L_000001bfdcc09a80 .concat [ 32 1 0 0], v000001bfdcc01380_0, L_000001bfdcc0a820;
L_000001bfdcc054e0 .concat [ 32 1 0 0], v000001bfdcc01380_0, L_000001bfdcc0a868;
L_000001bfdcc660f0 .functor MUXZ 33, L_000001bfdcc054e0, L_000001bfdcb71c80, L_000001bfdcc09800, C4<>;
L_000001bfdcc65330 .arith/sum 33, L_000001bfdcc09580, L_000001bfdcc660f0;
L_000001bfdcc65dd0 .part v000001bfdcc031b0_0, 0, 1;
L_000001bfdcc64f70 .concat [ 1 32 0 0], L_000001bfdcc65dd0, L_000001bfdcc0a8b0;
L_000001bfdcc65b50 .arith/sum 33, L_000001bfdcc65330, L_000001bfdcc64f70;
L_000001bfdcc65bf0 .part v000001bfdcc001d0_0, 31, 1;
L_000001bfdcc64cf0 .part L_000001bfdcc65b50, 0, 32;
L_000001bfdcc655b0 .reduce/nor L_000001bfdcc64cf0;
L_000001bfdcc662d0 .part v000001bfdcc00a20_0, 31, 1;
L_000001bfdcc64d90 .part L_000001bfdcc65b50, 31, 1;
L_000001bfdcc64e30 .part v000001bfdcc00a20_0, 31, 1;
L_000001bfdcc65c90 .part v000001bfdcc01380_0, 31, 1;
L_000001bfdcc64ed0 .part v000001bfdcc031b0_0, 0, 1;
L_000001bfdcc65010 .part L_000001bfdcc65b50, 32, 1;
S_000001bfdcbf9d40 .scope module, "f" "fetch" 10 32, 16 1 0, S_000001bfdcbf88f0;
 .timescale 0 0;
    .port_info 0 /INPUT 1 "clk";
    .port_info 1 /INPUT 1 "rst";
    .port_info 2 /INPUT 1 "PCsrcE";
    .port_info 3 /INPUT 1 "stallF";
    .port_info 4 /INPUT 1 "bpPred";
    .port_info 5 /INPUT 32 "PCtargetE";
    .port_info 6 /INPUT 32 "bpDest";
    .port_info 7 /OUTPUT 32 "PCF";
    .port_info 8 /OUTPUT 32 "PCplus4F";
v000001bfdcc01560_0 .var "PCF", 31 0;
v000001bfdcc01740_0 .net "PCplus4F", 31 0, L_000001bfdcc08d60;  alias, 1 drivers
v000001bfdcc01b00_0 .net "PCsrcE", 0 0, L_000001bfdcb72d20;  alias, 1 drivers
v000001bfdcc01c40_0 .net "PCtargetE", 31 0, v000001bfdcc014c0_0;  alias, 1 drivers
L_000001bfdcc0a478 .functor BUFT 1, C4<00000000000000000000000000000100>, C4<0>, C4<0>, C4<0>;
v000001bfdcc01d80_0 .net/2u *"_ivl_0", 31 0, L_000001bfdcc0a478;  1 drivers
v000001bfdcc01880_0 .net "bpDest", 31 0, v000001bfdcb42be0_0;  alias, 1 drivers
v000001bfdcc01e20_0 .net "bpPred", 0 0, v000001bfdcb43400_0;  alias, 1 drivers
v000001bfdcc01ec0_0 .net "clk", 0 0, v000001bfdcc08e00_0;  alias, 1 drivers
v000001bfdcc01f60_0 .net "rst", 0 0, v000001bfdcc09620_0;  alias, 1 drivers
v000001bfdcc03930_0 .net "stallF", 0 0, L_000001bfdcb72e70;  alias, 1 drivers
L_000001bfdcc08d60 .arith/sum 32, v000001bfdcc01560_0, L_000001bfdcc0a478;
S_000001bfdcbf9250 .scope module, "w" "writeback" 10 142, 17 1 0, S_000001bfdcbf88f0;
 .timescale 0 0;
    .port_info 0 /INPUT 32 "ALUresultW";
    .port_info 1 /INPUT 32 "readDataW";
    .port_info 2 /INPUT 32 "PCplus4W";
    .port_info 3 /INPUT 2 "resultSrcW";
    .port_info 4 /OUTPUT 32 "resultW";
v000001bfdcc02a30_0 .net "ALUresultW", 31 0, v000001bfdcc03a70_0;  1 drivers
v000001bfdcc03890_0 .net "PCplus4W", 31 0, v000001bfdcc02df0_0;  1 drivers
v000001bfdcc039d0_0 .net "readDataW", 31 0, v000001bfdcc047c0_0;  1 drivers
v000001bfdcc04290_0 .net "resultSrcW", 1 0, v000001bfdcc05b20_0;  1 drivers
v000001bfdcc041f0_0 .var "resultW", 31 0;
E_000001bfdcb8f6c0 .event anyedge, v000001bfdcc04290_0, v000001bfdcc02a30_0, v000001bfdcc039d0_0, v000001bfdcc03890_0;
S_000001bfdcbf93e0 .scope module, "h" "hazard" 7 41, 18 1 0, S_000001bfdcb0a130;
 .timescale 0 0;
    .port_info 0 /INPUT 5 "rs1E";
    .port_info 1 /INPUT 5 "rs2E";
    .port_info 2 /INPUT 5 "rdM";
    .port_info 3 /INPUT 5 "rdW";
    .port_info 4 /INPUT 1 "regWriteM";
    .port_info 5 /INPUT 1 "regWriteW";
    .port_info 6 /OUTPUT 2 "forwardAE";
    .port_info 7 /OUTPUT 2 "forwardBE";
    .port_info 8 /INPUT 5 "rs1D";
    .port_info 9 /INPUT 5 "rs2D";
    .port_info 10 /INPUT 5 "rdE";
    .port_info 11 /INPUT 1 "resultSrcE0";
    .port_info 12 /INPUT 1 "jumpD";
    .port_info 13 /OUTPUT 1 "stallF";
    .port_info 14 /OUTPUT 1 "stallD";
    .port_info 15 /INPUT 1 "PCsrcE";
    .port_info 16 /OUTPUT 1 "flushD";
    .port_info 17 /OUTPUT 1 "flushE";
L_000001bfdcb71820 .functor NOT 1, L_000001bfdcc66050, C4<0>, C4<0>, C4<0>;
L_000001bfdcb719e0 .functor AND 1, L_000001bfdcb71820, L_000001bfdcc0a0c0, C4<1>, C4<1>;
L_000001bfdcb72a10 .functor AND 1, L_000001bfdcc66370, L_000001bfdcc65470, C4<1>, C4<1>;
L_000001bfdcb71b30 .functor AND 1, L_000001bfdcc65150, L_000001bfdcc65970, C4<1>, C4<1>;
L_000001bfdcb72ee0 .functor OR 1, L_000001bfdcb72a10, L_000001bfdcb71b30, C4<0>, C4<0>;
L_000001bfdcb71890 .functor AND 1, L_000001bfdcb719e0, L_000001bfdcb72ee0, C4<1>, C4<1>;
L_000001bfdcb71a50 .functor BUFZ 1, L_000001bfdcb71890, C4<0>, C4<0>, C4<0>;
L_000001bfdcb72e70 .functor BUFZ 1, L_000001bfdcb71890, C4<0>, C4<0>, C4<0>;
L_000001bfdcb721c0 .functor BUFZ 1, L_000001bfdcb72d20, C4<0>, C4<0>, C4<0>;
L_000001bfdcb71f20 .functor OR 1, L_000001bfdcb72d20, L_000001bfdcb71890, C4<0>, C4<0>;
v000001bfdcc05800_0 .net "PCsrcE", 0 0, L_000001bfdcb72d20;  alias, 1 drivers
v000001bfdcc04ae0_0 .net *"_ivl_0", 0 0, L_000001bfdcb71820;  1 drivers
v000001bfdcc04b80_0 .net *"_ivl_10", 0 0, L_000001bfdcb72a10;  1 drivers
v000001bfdcc04e00_0 .net *"_ivl_12", 0 0, L_000001bfdcc65150;  1 drivers
L_000001bfdcc0a940 .functor BUFT 1, C4<00000>, C4<0>, C4<0>, C4<0>;
v000001bfdcc060c0_0 .net/2u *"_ivl_14", 4 0, L_000001bfdcc0a940;  1 drivers
v000001bfdcc05c60_0 .net *"_ivl_16", 0 0, L_000001bfdcc65970;  1 drivers
v000001bfdcc05e40_0 .net *"_ivl_18", 0 0, L_000001bfdcb71b30;  1 drivers
v000001bfdcc05ee0_0 .net *"_ivl_2", 0 0, L_000001bfdcb719e0;  1 drivers
v000001bfdcc05580_0 .net *"_ivl_20", 0 0, L_000001bfdcb72ee0;  1 drivers
v000001bfdcc05f80_0 .net *"_ivl_4", 0 0, L_000001bfdcc66370;  1 drivers
L_000001bfdcc0a8f8 .functor BUFT 1, C4<00000>, C4<0>, C4<0>, C4<0>;
v000001bfdcc06020_0 .net/2u *"_ivl_6", 4 0, L_000001bfdcc0a8f8;  1 drivers
v000001bfdcc05620_0 .net *"_ivl_8", 0 0, L_000001bfdcc65470;  1 drivers
v000001bfdcc07d20_0 .net "flushD", 0 0, L_000001bfdcb721c0;  alias, 1 drivers
v000001bfdcc07be0_0 .net "flushE", 0 0, L_000001bfdcb71f20;  alias, 1 drivers
v000001bfdcc06740_0 .var "forwardAE", 1 0;
v000001bfdcc08860_0 .var "forwardBE", 1 0;
v000001bfdcc07c80_0 .net "jumpD", 0 0, L_000001bfdcc66050;  alias, 1 drivers
v000001bfdcc07460_0 .net "lwStall", 0 0, L_000001bfdcb71890;  1 drivers
v000001bfdcc070a0_0 .net "rdE", 4 0, v000001bfdcc05d00_0;  alias, 1 drivers
v000001bfdcc07140_0 .net "rdM", 4 0, v000001bfdcc05940_0;  alias, 1 drivers
v000001bfdcc06ec0_0 .net "rdW", 4 0, v000001bfdcc04f40_0;  alias, 1 drivers
v000001bfdcc07e60_0 .net "regWriteM", 0 0, v000001bfdcc05120_0;  alias, 1 drivers
v000001bfdcc078c0_0 .net "regWriteW", 0 0, v000001bfdcc06340_0;  alias, 1 drivers
v000001bfdcc07820_0 .net "resultSrcE0", 0 0, L_000001bfdcc0a0c0;  alias, 1 drivers
v000001bfdcc06c40_0 .net "rs1D", 4 0, L_000001bfdcc09260;  alias, 1 drivers
v000001bfdcc07f00_0 .net "rs1E", 4 0, v000001bfdcc04900_0;  alias, 1 drivers
v000001bfdcc06ba0_0 .net "rs2D", 4 0, L_000001bfdcc09940;  alias, 1 drivers
v000001bfdcc067e0_0 .net "rs2E", 4 0, v000001bfdcc04680_0;  alias, 1 drivers
v000001bfdcc08ae0_0 .net "stallD", 0 0, L_000001bfdcb71a50;  alias, 1 drivers
v000001bfdcc089a0_0 .net "stallF", 0 0, L_000001bfdcb72e70;  alias, 1 drivers
E_000001bfdcb8f2c0/0 .event anyedge, v000001bfdcc04680_0, v000001bfdcc05940_0, v000001bfdcc05120_0, v000001bfdcbf82d0_0;
E_000001bfdcb8f2c0/1 .event anyedge, v000001bfdcc00130_0;
E_000001bfdcb8f2c0 .event/or E_000001bfdcb8f2c0/0, E_000001bfdcb8f2c0/1;
E_000001bfdcb8ff80/0 .event anyedge, v000001bfdcc04900_0, v000001bfdcc05940_0, v000001bfdcc05120_0, v000001bfdcbf82d0_0;
E_000001bfdcb8ff80/1 .event anyedge, v000001bfdcc00130_0;
E_000001bfdcb8ff80 .event/or E_000001bfdcb8ff80/0, E_000001bfdcb8ff80/1;
L_000001bfdcc66370 .cmp/eq 5, L_000001bfdcc09260, v000001bfdcc05d00_0;
L_000001bfdcc65470 .cmp/ne 5, L_000001bfdcc09260, L_000001bfdcc0a8f8;
L_000001bfdcc65150 .cmp/eq 5, L_000001bfdcc09940, v000001bfdcc05d00_0;
L_000001bfdcc65970 .cmp/ne 5, L_000001bfdcc09940, L_000001bfdcc0a940;
    .scope S_000001bfdcbf9d40;
T_0 ;
    %wait E_000001bfdcb8dbc0;
    %load/vec4 v000001bfdcc01f60_0;
    %flag_set/vec4 8;
    %jmp/0xz  T_0.0, 8;
    %pushi/vec4 0, 0, 32;
    %assign/vec4 v000001bfdcc01560_0, 0;
    %jmp T_0.1;
T_0.0 ;
    %load/vec4 v000001bfdcc03930_0;
    %inv;
    %flag_set/vec4 8;
    %jmp/0xz  T_0.2, 8;
    %load/vec4 v000001bfdcc01b00_0;
    %flag_set/vec4 8;
    %jmp/0 T_0.4, 8;
    %load/vec4 v000001bfdcc01c40_0;
    %jmp/1 T_0.5, 8;
T_0.4 ; End of true expr.
    %load/vec4 v000001bfdcc01e20_0;
    %flag_set/vec4 9;
    %jmp/0 T_0.6, 9;
    %load/vec4 v000001bfdcc01880_0;
    %jmp/1 T_0.7, 9;
T_0.6 ; End of true expr.
    %load/vec4 v000001bfdcc01740_0;
    %jmp/0 T_0.7, 9;
 ; End of false expr.
    %blend;
T_0.7;
    %jmp/0 T_0.5, 8;
 ; End of false expr.
    %blend;
T_0.5;
    %assign/vec4 v000001bfdcc01560_0, 0;
T_0.2 ;
T_0.1 ;
    %jmp T_0;
    .thread T_0;
    .scope S_000001bfdcbf8da0;
T_1 ;
Ewait_0 .event/or E_000001bfdcb8f9c0, E_0x0;
    %wait Ewait_0;
    %load/vec4 v000001bfdcbf7290_0;
    %dup/vec4;
    %pushi/vec4 0, 0, 3;
    %cmp/u;
    %jmp/1 T_1.0, 6;
    %dup/vec4;
    %pushi/vec4 1, 0, 3;
    %cmp/u;
    %jmp/1 T_1.1, 6;
    %dup/vec4;
    %pushi/vec4 2, 0, 3;
    %cmp/u;
    %jmp/1 T_1.2, 6;
    %dup/vec4;
    %pushi/vec4 3, 0, 3;
    %cmp/u;
    %jmp/1 T_1.3, 6;
    %dup/vec4;
    %pushi/vec4 4, 0, 3;
    %cmp/u;
    %jmp/1 T_1.4, 6;
    %pushi/vec4 4294967295, 4294967295, 32;
    %store/vec4 v000001bfdcbf69d0_0, 0, 32;
    %jmp T_1.6;
T_1.0 ;
    %load/vec4 v000001bfdcbf6930_0;
    %parti/s 1, 24, 6;
    %replicate 20;
    %load/vec4 v000001bfdcbf6930_0;
    %parti/s 12, 13, 5;
    %concat/vec4; draw_concat_vec4
    %store/vec4 v000001bfdcbf69d0_0, 0, 32;
    %jmp T_1.6;
T_1.1 ;
    %load/vec4 v000001bfdcbf6930_0;
    %parti/s 1, 24, 6;
    %replicate 20;
    %load/vec4 v000001bfdcbf6930_0;
    %parti/s 7, 18, 6;
    %concat/vec4; draw_concat_vec4
    %load/vec4 v000001bfdcbf6930_0;
    %parti/s 5, 0, 2;
    %concat/vec4; draw_concat_vec4
    %store/vec4 v000001bfdcbf69d0_0, 0, 32;
    %jmp T_1.6;
T_1.2 ;
    %load/vec4 v000001bfdcbf6930_0;
    %parti/s 1, 24, 6;
    %replicate 19;
    %load/vec4 v000001bfdcbf6930_0;
    %parti/s 1, 24, 6;
    %concat/vec4; draw_concat_vec4
    %load/vec4 v000001bfdcbf6930_0;
    %parti/s 1, 0, 2;
    %concat/vec4; draw_concat_vec4
    %load/vec4 v000001bfdcbf6930_0;
    %parti/s 6, 18, 6;
    %concat/vec4; draw_concat_vec4
    %load/vec4 v000001bfdcbf6930_0;
    %parti/s 4, 1, 2;
    %concat/vec4; draw_concat_vec4
    %concati/vec4 0, 0, 1;
    %store/vec4 v000001bfdcbf69d0_0, 0, 32;
    %jmp T_1.6;
T_1.3 ;
    %load/vec4 v000001bfdcbf6930_0;
    %parti/s 20, 5, 4;
    %concati/vec4 0, 0, 12;
    %store/vec4 v000001bfdcbf69d0_0, 0, 32;
    %jmp T_1.6;
T_1.4 ;
    %load/vec4 v000001bfdcbf6930_0;
    %parti/s 1, 24, 6;
    %replicate 12;
    %load/vec4 v000001bfdcbf6930_0;
    %parti/s 1, 24, 6;
    %concat/vec4; draw_concat_vec4
    %load/vec4 v000001bfdcbf6930_0;
    %parti/s 8, 5, 4;
    %concat/vec4; draw_concat_vec4
    %load/vec4 v000001bfdcbf6930_0;
    %parti/s 1, 13, 5;
    %concat/vec4; draw_concat_vec4
    %load/vec4 v000001bfdcbf6930_0;
    %parti/s 10, 14, 5;
    %concat/vec4; draw_concat_vec4
    %concati/vec4 0, 0, 1;
    %pad/u 32;
    %store/vec4 v000001bfdcbf69d0_0, 0, 32;
    %jmp T_1.6;
T_1.6 ;
    %pop/vec4 1;
    %jmp T_1;
    .thread T_1, $push;
    .scope S_000001bfdcbf85d0;
T_2 ;
    %wait E_000001bfdcb8f200;
    %load/vec4 v000001bfdcc00130_0;
    %flag_set/vec4 8;
    %jmp/0xz  T_2.0, 8;
    %load/vec4 v000001bfdcbfe5b0_0;
    %ix/load 5, 0, 0;
    %load/vec4 v000001bfdcbf82d0_0;
    %pad/u 10;
    %muli 32, 0, 10;
    %ix/vec4 4;
    %assign/vec4/off/d v000001bfdcbfe830_0, 4, 5;
T_2.0 ;
    %jmp T_2;
    .thread T_2;
    .scope S_000001bfdcbf85d0;
T_3 ;
Ewait_1 .event/or E_000001bfdcb8f8c0, E_0x0;
    %wait Ewait_1;
    %fork t_1, S_000001bfdcbf8a80;
    %jmp t_0;
    .scope S_000001bfdcbf8a80;
t_1 ;
    %pushi/vec4 0, 0, 32;
    %store/vec4 v000001bfdcbf6a70_0, 0, 32;
T_3.0 ;
    %load/vec4 v000001bfdcbf6a70_0;
    %cmpi/s 32, 0, 32;
    %jmp/0xz T_3.1, 5;
    %load/vec4 v000001bfdcbfe830_0;
    %load/vec4 v000001bfdcbf6a70_0;
    %pad/s 37;
    %muli 32, 0, 37;
    %part/s 32;
    %load/vec4 v000001bfdcbf6a70_0;
    %pad/s 37;
    %muli 32, 0, 37;
    %ix/vec4/s 4;
    %store/vec4 v000001bfdcbf64d0_0, 4, 32;
    ; show_stmt_assign_vector: Get l-value for compressed += operand
    %load/vec4 v000001bfdcbf6a70_0;
    %pushi/vec4 1, 0, 32;
    %add;
    %cast2;
    %store/vec4 v000001bfdcbf6a70_0, 0, 32;
    %jmp T_3.0;
T_3.1 ;
    %end;
    .scope S_000001bfdcbf85d0;
t_0 %join;
    %jmp T_3;
    .thread T_3, $push;
    .scope S_000001bfdcbf85d0;
T_4 ;
T_4.0 ;
    %wait E_000001bfdcb8dbc0;
    %vpi_call/w 13 26 "$display", "REGFILE %h %h %h", v000001bfdcbf82d0_0, v000001bfdcbfe5b0_0, v000001bfdcc00130_0 {0 0 0};
    %jmp T_4.0;
    %end;
    .thread T_4;
    .scope S_000001bfdcbf90c0;
T_5 ;
Ewait_2 .event/or E_000001bfdcb8fb40, E_0x0;
    %wait Ewait_2;
    %load/vec4 v000001bfdcbffeb0_0;
    %dup/vec4;
    %pushi/vec4 0, 0, 4;
    %cmp/u;
    %jmp/1 T_5.0, 6;
    %dup/vec4;
    %pushi/vec4 1, 0, 4;
    %cmp/u;
    %jmp/1 T_5.1, 6;
    %dup/vec4;
    %pushi/vec4 2, 0, 4;
    %cmp/u;
    %jmp/1 T_5.2, 6;
    %dup/vec4;
    %pushi/vec4 3, 0, 4;
    %cmp/u;
    %jmp/1 T_5.3, 6;
    %dup/vec4;
    %pushi/vec4 4, 0, 4;
    %cmp/u;
    %jmp/1 T_5.4, 6;
    %dup/vec4;
    %pushi/vec4 5, 0, 4;
    %cmp/u;
    %jmp/1 T_5.5, 6;
    %dup/vec4;
    %pushi/vec4 6, 0, 4;
    %cmp/u;
    %jmp/1 T_5.6, 6;
    %dup/vec4;
    %pushi/vec4 7, 0, 4;
    %cmp/u;
    %jmp/1 T_5.7, 6;
    %dup/vec4;
    %pushi/vec4 8, 0, 4;
    %cmp/u;
    %jmp/1 T_5.8, 6;
    %dup/vec4;
    %pushi/vec4 9, 0, 4;
    %cmp/u;
    %jmp/1 T_5.9, 6;
    %jmp T_5.10;
T_5.0 ;
    %load/vec4 v000001bfdcbff7d0_0;
    %pad/u 32;
    %store/vec4 v000001bfdcc001d0_0, 0, 32;
    %jmp T_5.10;
T_5.1 ;
    %load/vec4 v000001bfdcbff7d0_0;
    %pad/u 32;
    %store/vec4 v000001bfdcc001d0_0, 0, 32;
    %jmp T_5.10;
T_5.2 ;
    %load/vec4 v000001bfdcbff690_0;
    %load/vec4 v000001bfdcbff730_0;
    %and;
    %store/vec4 v000001bfdcc001d0_0, 0, 32;
    %jmp T_5.10;
T_5.3 ;
    %load/vec4 v000001bfdcbff690_0;
    %load/vec4 v000001bfdcbff730_0;
    %or;
    %store/vec4 v000001bfdcc001d0_0, 0, 32;
    %jmp T_5.10;
T_5.4 ;
    %load/vec4 v000001bfdcbff690_0;
    %load/vec4 v000001bfdcbff730_0;
    %xor;
    %store/vec4 v000001bfdcc001d0_0, 0, 32;
    %jmp T_5.10;
T_5.5 ;
    %load/vec4 v000001bfdcbff690_0;
    %load/vec4 v000001bfdcbff730_0;
    %parti/s 5, 0, 2;
    %ix/vec4 4;
    %shiftl 4;
    %store/vec4 v000001bfdcc001d0_0, 0, 32;
    %jmp T_5.10;
T_5.6 ;
    %load/vec4 v000001bfdcbff690_0;
    %load/vec4 v000001bfdcbff730_0;
    %parti/s 5, 0, 2;
    %ix/vec4 4;
    %shiftr 4;
    %store/vec4 v000001bfdcc001d0_0, 0, 32;
    %jmp T_5.10;
T_5.7 ;
    %pushi/vec4 0, 0, 31;
    %load/vec4 v000001bfdcbfe510_0;
    %concat/vec4; draw_concat_vec4
    %store/vec4 v000001bfdcc001d0_0, 0, 32;
    %jmp T_5.10;
T_5.8 ;
    %load/vec4 v000001bfdcbff690_0;
    %load/vec4 v000001bfdcbff730_0;
    %parti/s 5, 0, 2;
    %ix/vec4 4;
    %shiftr 4;
    %store/vec4 v000001bfdcc001d0_0, 0, 32;
    %jmp T_5.10;
T_5.9 ;
    %pushi/vec4 0, 0, 31;
    %load/vec4 v000001bfdcbff7d0_0;
    %parti/s 1, 31, 6;
    %load/vec4 v000001bfdcbff550_0;
    %xor;
    %concat/vec4; draw_concat_vec4
    %store/vec4 v000001bfdcc001d0_0, 0, 32;
    %jmp T_5.10;
T_5.10 ;
    %pop/vec4 1;
    %jmp T_5;
    .thread T_5, $push;
    .scope S_000001bfdcbf9890;
T_6 ;
Ewait_3 .event/or E_000001bfdcb90100, E_0x0;
    %wait Ewait_3;
    %load/vec4 v000001bfdcc01a60_0;
    %flag_set/vec4 8;
    %jmp/0xz  T_6.0, 8;
    %load/vec4 v000001bfdcc01600_0;
    %flag_set/vec4 8;
    %jmp/0xz  T_6.2, 8;
    %load/vec4 v000001bfdcc02320_0;
    %store/vec4 v000001bfdcc014c0_0, 0, 32;
    %jmp T_6.3;
T_6.2 ;
    %load/vec4 v000001bfdcc00480_0;
    %store/vec4 v000001bfdcc014c0_0, 0, 32;
T_6.3 ;
T_6.0 ;
    %jmp T_6;
    .thread T_6, $push;
    .scope S_000001bfdcbf9890;
T_7 ;
Ewait_4 .event/or E_000001bfdcb8fa80, E_0x0;
    %wait Ewait_4;
    %load/vec4 v000001bfdcc00de0_0;
    %dup/vec4;
    %pushi/vec4 0, 0, 2;
    %cmp/u;
    %jmp/1 T_7.0, 6;
    %dup/vec4;
    %pushi/vec4 1, 0, 2;
    %cmp/u;
    %jmp/1 T_7.1, 6;
    %dup/vec4;
    %pushi/vec4 2, 0, 2;
    %cmp/u;
    %jmp/1 T_7.2, 6;
    %pushi/vec4 4294967295, 4294967295, 32;
    %store/vec4 v000001bfdcc00a20_0, 0, 32;
    %jmp T_7.4;
T_7.0 ;
    %load/vec4 v000001bfdcc00840_0;
    %dup/vec4;
    %pushi/vec4 0, 0, 2;
    %cmp/u;
    %jmp/1 T_7.5, 6;
    %dup/vec4;
    %pushi/vec4 1, 0, 2;
    %cmp/u;
    %jmp/1 T_7.6, 6;
    %dup/vec4;
    %pushi/vec4 2, 0, 2;
    %cmp/u;
    %jmp/1 T_7.7, 6;
    %jmp T_7.8;
T_7.5 ;
    %load/vec4 v000001bfdcc01240_0;
    %store/vec4 v000001bfdcc00a20_0, 0, 32;
    %jmp T_7.8;
T_7.6 ;
    %load/vec4 v000001bfdcc021e0_0;
    %store/vec4 v000001bfdcc00a20_0, 0, 32;
    %jmp T_7.8;
T_7.7 ;
    %load/vec4 v000001bfdcc00520_0;
    %store/vec4 v000001bfdcc00a20_0, 0, 32;
    %jmp T_7.8;
T_7.8 ;
    %pop/vec4 1;
    %jmp T_7.4;
T_7.1 ;
    %load/vec4 v000001bfdcc01ce0_0;
    %store/vec4 v000001bfdcc00a20_0, 0, 32;
    %jmp T_7.4;
T_7.2 ;
    %pushi/vec4 0, 0, 32;
    %store/vec4 v000001bfdcc00a20_0, 0, 32;
    %jmp T_7.4;
T_7.4 ;
    %pop/vec4 1;
    %jmp T_7;
    .thread T_7, $push;
    .scope S_000001bfdcbf9890;
T_8 ;
Ewait_5 .event/or E_000001bfdcb8f680, E_0x0;
    %wait Ewait_5;
    %load/vec4 v000001bfdcc02280_0;
    %dup/vec4;
    %pushi/vec4 0, 0, 2;
    %cmp/u;
    %jmp/1 T_8.0, 6;
    %dup/vec4;
    %pushi/vec4 1, 0, 2;
    %cmp/u;
    %jmp/1 T_8.1, 6;
    %dup/vec4;
    %pushi/vec4 2, 0, 2;
    %cmp/u;
    %jmp/1 T_8.2, 6;
    %jmp T_8.3;
T_8.0 ;
    %load/vec4 v000001bfdcc017e0_0;
    %store/vec4 v000001bfdcc012e0_0, 0, 32;
    %jmp T_8.3;
T_8.1 ;
    %load/vec4 v000001bfdcc021e0_0;
    %store/vec4 v000001bfdcc012e0_0, 0, 32;
    %jmp T_8.3;
T_8.2 ;
    %load/vec4 v000001bfdcc00520_0;
    %store/vec4 v000001bfdcc012e0_0, 0, 32;
    %jmp T_8.3;
T_8.3 ;
    %pop/vec4 1;
    %jmp T_8;
    .thread T_8, $push;
    .scope S_000001bfdcbf9890;
T_9 ;
Ewait_6 .event/or E_000001bfdcb901c0, E_0x0;
    %wait Ewait_6;
    %load/vec4 v000001bfdcc00fc0_0;
    %flag_set/vec4 8;
    %jmp/0xz  T_9.0, 8;
    %load/vec4 v000001bfdcc01100_0;
    %store/vec4 v000001bfdcc01380_0, 0, 32;
    %jmp T_9.1;
T_9.0 ;
    %load/vec4 v000001bfdcc012e0_0;
    %store/vec4 v000001bfdcc01380_0, 0, 32;
T_9.1 ;
    %jmp T_9;
    .thread T_9, $push;
    .scope S_000001bfdcbf9890;
T_10 ;
Ewait_7 .event/or E_000001bfdcb8f240, E_0x0;
    %wait Ewait_7;
    %load/vec4 v000001bfdcc005c0_0;
    %dup/vec4;
    %pushi/vec4 0, 0, 3;
    %cmp/u;
    %jmp/1 T_10.0, 6;
    %dup/vec4;
    %pushi/vec4 1, 0, 3;
    %cmp/u;
    %jmp/1 T_10.1, 6;
    %dup/vec4;
    %pushi/vec4 4, 0, 3;
    %cmp/u;
    %jmp/1 T_10.2, 6;
    %dup/vec4;
    %pushi/vec4 5, 0, 3;
    %cmp/u;
    %jmp/1 T_10.3, 6;
    %dup/vec4;
    %pushi/vec4 6, 0, 3;
    %cmp/u;
    %jmp/1 T_10.4, 6;
    %dup/vec4;
    %pushi/vec4 7, 0, 3;
    %cmp/u;
    %jmp/1 T_10.5, 6;
    %pushi/vec4 1, 1, 1;
    %store/vec4 v000001bfdcc01ba0_0, 0, 1;
    %jmp T_10.7;
T_10.0 ;
    %load/vec4 v000001bfdcc00c00_0;
    %store/vec4 v000001bfdcc01ba0_0, 0, 1;
    %jmp T_10.7;
T_10.1 ;
    %load/vec4 v000001bfdcc00c00_0;
    %inv;
    %store/vec4 v000001bfdcc01ba0_0, 0, 1;
    %jmp T_10.7;
T_10.2 ;
    %load/vec4 v000001bfdcc00b60_0;
    %load/vec4 v000001bfdcc00660_0;
    %xor;
    %store/vec4 v000001bfdcc01ba0_0, 0, 1;
    %jmp T_10.7;
T_10.3 ;
    %load/vec4 v000001bfdcc00b60_0;
    %load/vec4 v000001bfdcc00660_0;
    %xor;
    %inv;
    %store/vec4 v000001bfdcc01ba0_0, 0, 1;
    %jmp T_10.7;
T_10.4 ;
    %load/vec4 v000001bfdcc016a0_0;
    %store/vec4 v000001bfdcc01ba0_0, 0, 1;
    %jmp T_10.7;
T_10.5 ;
    %load/vec4 v000001bfdcc016a0_0;
    %inv;
    %store/vec4 v000001bfdcc01ba0_0, 0, 1;
    %jmp T_10.7;
T_10.7 ;
    %pop/vec4 1;
    %jmp T_10;
    .thread T_10, $push;
    .scope S_000001bfdcbf9250;
T_11 ;
Ewait_8 .event/or E_000001bfdcb8f6c0, E_0x0;
    %wait Ewait_8;
    %load/vec4 v000001bfdcc04290_0;
    %dup/vec4;
    %pushi/vec4 0, 0, 2;
    %cmp/u;
    %jmp/1 T_11.0, 6;
    %dup/vec4;
    %pushi/vec4 1, 0, 2;
    %cmp/u;
    %jmp/1 T_11.1, 6;
    %dup/vec4;
    %pushi/vec4 2, 0, 2;
    %cmp/u;
    %jmp/1 T_11.2, 6;
    %pushi/vec4 4294967295, 4294967295, 32;
    %store/vec4 v000001bfdcc041f0_0, 0, 32;
    %jmp T_11.4;
T_11.0 ;
    %load/vec4 v000001bfdcc02a30_0;
    %store/vec4 v000001bfdcc041f0_0, 0, 32;
    %jmp T_11.4;
T_11.1 ;
    %load/vec4 v000001bfdcc039d0_0;
    %store/vec4 v000001bfdcc041f0_0, 0, 32;
    %jmp T_11.4;
T_11.2 ;
    %load/vec4 v000001bfdcc03890_0;
    %store/vec4 v000001bfdcc041f0_0, 0, 32;
    %jmp T_11.4;
T_11.4 ;
    %pop/vec4 1;
    %jmp T_11;
    .thread T_11, $push;
    .scope S_000001bfdcbf88f0;
T_12 ;
    %wait E_000001bfdcb8dbc0;
    %load/vec4 v000001bfdcc02850_0;
    %flag_set/vec4 8;
    %jmp/1 T_12.2, 8;
    %load/vec4 v000001bfdcc044a0_0;
    %flag_set/vec4 9;
    %flag_or 8, 9;
T_12.2;
    %jmp/0xz  T_12.0, 8;
    %pushi/vec4 0, 0, 32;
    %assign/vec4 v000001bfdcc058a0_0, 0;
    %pushi/vec4 4294967295, 4294967295, 32;
    %assign/vec4 v000001bfdcc02c10_0, 0;
    %pushi/vec4 4294967295, 4294967295, 32;
    %assign/vec4 v000001bfdcc03e30_0, 0;
    %pushi/vec4 0, 0, 1;
    %assign/vec4 v000001bfdcc03d90_0, 0;
    %pushi/vec4 1, 1, 1;
    %assign/vec4 v000001bfdcc03750_0, 0;
    %pushi/vec4 4294967295, 4294967295, 32;
    %assign/vec4 v000001bfdcc03610_0, 0;
    %jmp T_12.1;
T_12.0 ;
    %load/vec4 v000001bfdcc04720_0;
    %inv;
    %flag_set/vec4 8;
    %jmp/0xz  T_12.3, 8;
    %load/vec4 v000001bfdcc053a0_0;
    %assign/vec4 v000001bfdcc058a0_0, 0;
    %load/vec4 v000001bfdcc02710_0;
    %assign/vec4 v000001bfdcc02c10_0, 0;
    %load/vec4 v000001bfdcc02490_0;
    %assign/vec4 v000001bfdcc03e30_0, 0;
    %load/vec4 v000001bfdcc04330_0;
    %assign/vec4 v000001bfdcc03d90_0, 0;
    %load/vec4 v000001bfdcc025d0_0;
    %assign/vec4 v000001bfdcc03750_0, 0;
    %load/vec4 v000001bfdcc03570_0;
    %assign/vec4 v000001bfdcc03610_0, 0;
T_12.3 ;
T_12.1 ;
    %jmp T_12;
    .thread T_12;
    .scope S_000001bfdcbf88f0;
T_13 ;
    %wait E_000001bfdcb8dbc0;
    %load/vec4 v000001bfdcc02c10_0;
    %assign/vec4 v000001bfdcc02cb0_0, 0;
    %load/vec4 v000001bfdcc03e30_0;
    %assign/vec4 v000001bfdcc034d0_0, 0;
    %load/vec4 v000001bfdcc05440_0;
    %assign/vec4 v000001bfdcc04900_0, 0;
    %load/vec4 v000001bfdcc05760_0;
    %assign/vec4 v000001bfdcc04680_0, 0;
    %load/vec4 v000001bfdcc045e0_0;
    %assign/vec4 v000001bfdcc05d00_0, 0;
    %load/vec4 v000001bfdcc05080_0;
    %assign/vec4 v000001bfdcc06160_0, 0;
    %load/vec4 v000001bfdcc062a0_0;
    %assign/vec4 v000001bfdcc06200_0, 0;
    %load/vec4 v000001bfdcc03f70_0;
    %assign/vec4 v000001bfdcc04010_0, 0;
    %load/vec4 v000001bfdcc058a0_0;
    %parti/s 3, 12, 5;
    %assign/vec4 v000001bfdcc037f0_0, 0;
    %jmp T_13;
    .thread T_13;
    .scope S_000001bfdcbf88f0;
T_14 ;
    %wait E_000001bfdcb8dbc0;
    %load/vec4 v000001bfdcc02e90_0;
    %flag_set/vec4 8;
    %jmp/1 T_14.2, 8;
    %load/vec4 v000001bfdcc044a0_0;
    %flag_set/vec4 9;
    %flag_or 8, 9;
T_14.2;
    %jmp/0xz  T_14.0, 8;
    %pushi/vec4 0, 0, 1;
    %assign/vec4 v000001bfdcc03bb0_0, 0;
    %pushi/vec4 1, 1, 1;
    %assign/vec4 v000001bfdcc02fd0_0, 0;
    %pushi/vec4 4294967295, 4294967295, 32;
    %assign/vec4 v000001bfdcc036b0_0, 0;
    %pushi/vec4 3135, 3135, 14;
    %split/vec4 4;
    %assign/vec4 v000001bfdcc031b0_0, 0;
    %split/vec4 2;
    %assign/vec4 v000001bfdcc03cf0_0, 0;
    %split/vec4 2;
    %assign/vec4 v000001bfdcc049a0_0, 0;
    %split/vec4 1;
    %assign/vec4 v000001bfdcc059e0_0, 0;
    %split/vec4 1;
    %assign/vec4 v000001bfdcc051c0_0, 0;
    %split/vec4 1;
    %assign/vec4 v000001bfdcc03430_0, 0;
    %split/vec4 1;
    %assign/vec4 v000001bfdcc03250_0, 0;
    %split/vec4 1;
    %assign/vec4 v000001bfdcc02530_0, 0;
    %assign/vec4 v000001bfdcc04ea0_0, 0;
    %jmp T_14.1;
T_14.0 ;
    %load/vec4 v000001bfdcc03d90_0;
    %assign/vec4 v000001bfdcc03bb0_0, 0;
    %load/vec4 v000001bfdcc03750_0;
    %assign/vec4 v000001bfdcc02fd0_0, 0;
    %load/vec4 v000001bfdcc03610_0;
    %assign/vec4 v000001bfdcc036b0_0, 0;
    %load/vec4 v000001bfdcc04540_0;
    %load/vec4 v000001bfdcc02d50_0;
    %concat/vec4; draw_concat_vec4
    %load/vec4 v000001bfdcc02ad0_0;
    %concat/vec4; draw_concat_vec4
    %load/vec4 v000001bfdcc02990_0;
    %concat/vec4; draw_concat_vec4
    %load/vec4 v000001bfdcc05a80_0;
    %concat/vec4; draw_concat_vec4
    %load/vec4 v000001bfdcc056c0_0;
    %concat/vec4; draw_concat_vec4
    %load/vec4 v000001bfdcc04860_0;
    %concat/vec4; draw_concat_vec4
    %load/vec4 v000001bfdcc03b10_0;
    %concat/vec4; draw_concat_vec4
    %load/vec4 v000001bfdcc03110_0;
    %concat/vec4; draw_concat_vec4
    %split/vec4 4;
    %assign/vec4 v000001bfdcc031b0_0, 0;
    %split/vec4 2;
    %assign/vec4 v000001bfdcc03cf0_0, 0;
    %split/vec4 2;
    %assign/vec4 v000001bfdcc049a0_0, 0;
    %split/vec4 1;
    %assign/vec4 v000001bfdcc059e0_0, 0;
    %split/vec4 1;
    %assign/vec4 v000001bfdcc051c0_0, 0;
    %split/vec4 1;
    %assign/vec4 v000001bfdcc03430_0, 0;
    %split/vec4 1;
    %assign/vec4 v000001bfdcc03250_0, 0;
    %split/vec4 1;
    %assign/vec4 v000001bfdcc02530_0, 0;
    %assign/vec4 v000001bfdcc04ea0_0, 0;
T_14.1 ;
    %jmp T_14;
    .thread T_14;
    .scope S_000001bfdcbf88f0;
T_15 ;
    %wait E_000001bfdcb8dbc0;
    %load/vec4 v000001bfdcc034d0_0;
    %assign/vec4 v000001bfdcc03390_0, 0;
    %load/vec4 v000001bfdcc05d00_0;
    %assign/vec4 v000001bfdcc05940_0, 0;
    %load/vec4 v000001bfdcc04a40_0;
    %assign/vec4 v000001bfdcc05300_0, 0;
    %load/vec4 v000001bfdcc04150_0;
    %assign/vec4 v000001bfdcc032f0_0, 0;
    %jmp T_15;
    .thread T_15;
    .scope S_000001bfdcbf88f0;
T_16 ;
    %wait E_000001bfdcb8dbc0;
    %load/vec4 v000001bfdcc051c0_0;
    %load/vec4 v000001bfdcc059e0_0;
    %concat/vec4; draw_concat_vec4
    %load/vec4 v000001bfdcc049a0_0;
    %concat/vec4; draw_concat_vec4
    %split/vec4 2;
    %assign/vec4 v000001bfdcc04c20_0, 0;
    %split/vec4 1;
    %assign/vec4 v000001bfdcc05120_0, 0;
    %assign/vec4 v000001bfdcc05da0_0, 0;
    %jmp T_16;
    .thread T_16;
    .scope S_000001bfdcbf88f0;
T_17 ;
    %wait E_000001bfdcb8dbc0;
    %load/vec4 v000001bfdcc03390_0;
    %assign/vec4 v000001bfdcc02df0_0, 0;
    %load/vec4 v000001bfdcc05940_0;
    %assign/vec4 v000001bfdcc04f40_0, 0;
    %load/vec4 v000001bfdcc04cc0_0;
    %assign/vec4 v000001bfdcc047c0_0, 0;
    %load/vec4 v000001bfdcc032f0_0;
    %assign/vec4 v000001bfdcc03a70_0, 0;
    %jmp T_17;
    .thread T_17;
    .scope S_000001bfdcbf88f0;
T_18 ;
    %wait E_000001bfdcb8dbc0;
    %load/vec4 v000001bfdcc05120_0;
    %load/vec4 v000001bfdcc04c20_0;
    %concat/vec4; draw_concat_vec4
    %split/vec4 2;
    %assign/vec4 v000001bfdcc05b20_0, 0;
    %assign/vec4 v000001bfdcc06340_0, 0;
    %jmp T_18;
    .thread T_18;
    .scope S_000001bfdcbf88f0;
T_19 ;
T_19.0 ;
    %wait E_000001bfdcb8dbc0;
    %delay 4, 0;
    %vpi_call/w 10 148 "$display", "DATAPATH HAZARD %h %h %h %h", v000001bfdcc05260_0, v000001bfdcc04720_0, v000001bfdcc02850_0, v000001bfdcc02e90_0 {0 0 0};
    %vpi_call/w 10 149 "$display", "PREDICT %h %h %h %h %h %h %h %h %h %h", v000001bfdcc04330_0, v000001bfdcc025d0_0, v000001bfdcc027b0_0, v000001bfdcc02b70_0, v000001bfdcc03570_0, v000001bfdcc036b0_0, v000001bfdcc028f0_0, v000001bfdcc03bb0_0, v000001bfdcc04ea0_0, v000001bfdcc02530_0 {0 0 0};
    %vpi_call/w 10 150 "$display", "DATAPATHF %h %h", v000001bfdcc02710_0, v000001bfdcc053a0_0 {0 0 0};
    %vpi_call/w 10 151 "$display", "DATAPATHD %h %h %h %h %h %h %h %h %h", v000001bfdcc058a0_0, v000001bfdcc02c10_0, v000001bfdcc045e0_0, v000001bfdcc05080_0, v000001bfdcc062a0_0, v000001bfdcc040b0_0, v000001bfdcc03f70_0, v000001bfdcc056c0_0, v000001bfdcc04540_0 {0 0 0};
    %vpi_call/w 10 152 "$display", "DATAPATHE %h %h %h %h %h %h %h %h %h %h %h %h", v000001bfdcc03070_0, v000001bfdcc03c50_0, v000001bfdcc06160_0, v000001bfdcc06200_0, v000001bfdcc031b0_0, v000001bfdcc03cf0_0, v000001bfdcc03430_0, v000001bfdcc04010_0, v000001bfdcc04150_0, v000001bfdcc059e0_0, v000001bfdcc049a0_0, v000001bfdcc05d00_0 {0 0 0};
    %vpi_call/w 10 153 "$display", "DATAPATHM %h %h %h %h %h %h", v000001bfdcc032f0_0, v000001bfdcc05120_0, v000001bfdcc02670_0, v000001bfdcc05300_0, v000001bfdcc04cc0_0, v000001bfdcc05da0_0 {0 0 0};
    %vpi_call/w 10 154 "$display", "DATAPATHW %h %h %h %h %h", v000001bfdcc03a70_0, v000001bfdcc047c0_0, v000001bfdcc05b20_0, v000001bfdcc05bc0_0, v000001bfdcc06340_0 {0 0 0};
    %jmp T_19.0;
    %end;
    .thread T_19;
    .scope S_000001bfdcbf50a0;
T_20 ;
Ewait_9 .event/or E_000001bfdcb8f640, E_0x0;
    %wait Ewait_9;
    %load/vec4 v000001bfdcbf6e30_0;
    %dup/vec4;
    %pushi/vec4 3, 0, 7;
    %cmp/u;
    %jmp/1 T_20.0, 6;
    %dup/vec4;
    %pushi/vec4 19, 0, 7;
    %cmp/u;
    %jmp/1 T_20.1, 6;
    %dup/vec4;
    %pushi/vec4 23, 0, 7;
    %cmp/u;
    %jmp/1 T_20.2, 6;
    %dup/vec4;
    %pushi/vec4 35, 0, 7;
    %cmp/u;
    %jmp/1 T_20.3, 6;
    %dup/vec4;
    %pushi/vec4 51, 0, 7;
    %cmp/u;
    %jmp/1 T_20.4, 6;
    %dup/vec4;
    %pushi/vec4 55, 0, 7;
    %cmp/u;
    %jmp/1 T_20.5, 6;
    %dup/vec4;
    %pushi/vec4 99, 0, 7;
    %cmp/u;
    %jmp/1 T_20.6, 6;
    %dup/vec4;
    %pushi/vec4 103, 0, 7;
    %cmp/u;
    %jmp/1 T_20.7, 6;
    %dup/vec4;
    %pushi/vec4 111, 0, 7;
    %cmp/u;
    %jmp/1 T_20.8, 6;
    %pushi/vec4 1917, 1917, 15;
    %store/vec4 v000001bfdcbf6750_0, 0, 15;
    %jmp T_20.10;
T_20.0 ;
    %pushi/vec4 4481, 1, 15;
    %store/vec4 v000001bfdcbf6750_0, 0, 15;
    %jmp T_20.10;
T_20.1 ;
    %pushi/vec4 389, 1, 15;
    %store/vec4 v000001bfdcbf6750_0, 0, 15;
    %jmp T_20.10;
T_20.2 ;
    %pushi/vec4 945, 1, 15;
    %store/vec4 v000001bfdcbf6750_0, 0, 15;
    %jmp T_20.10;
T_20.3 ;
    %pushi/vec4 14609, 12289, 15;
    %store/vec4 v000001bfdcbf6750_0, 0, 15;
    %jmp T_20.10;
T_20.4 ;
    %pushi/vec4 245, 113, 15;
    %store/vec4 v000001bfdcbf6750_0, 0, 15;
    %jmp T_20.10;
T_20.5 ;
    %pushi/vec4 1457, 1, 15;
    %store/vec4 v000001bfdcbf6750_0, 0, 15;
    %jmp T_20.10;
T_20.6 ;
    %pushi/vec4 28712, 12288, 15;
    %store/vec4 v000001bfdcbf6750_0, 0, 15;
    %jmp T_20.10;
T_20.7 ;
    %pushi/vec4 24963, 16384, 15;
    %store/vec4 v000001bfdcbf6750_0, 0, 15;
    %jmp T_20.10;
T_20.8 ;
    %pushi/vec4 26574, 18188, 15;
    %store/vec4 v000001bfdcbf6750_0, 0, 15;
    %jmp T_20.10;
T_20.10 ;
    %pop/vec4 1;
    %jmp T_20;
    .thread T_20, $push;
    .scope S_000001bfdcbf50a0;
T_21 ;
Ewait_10 .event/or E_000001bfdcb900c0, E_0x0;
    %wait Ewait_10;
    %load/vec4 v000001bfdcbf7d30_0;
    %dup/vec4;
    %pushi/vec4 0, 0, 2;
    %cmp/u;
    %jmp/1 T_21.0, 6;
    %dup/vec4;
    %pushi/vec4 1, 0, 2;
    %cmp/u;
    %jmp/1 T_21.1, 6;
    %dup/vec4;
    %pushi/vec4 2, 0, 2;
    %cmp/u;
    %jmp/1 T_21.2, 6;
    %pushi/vec4 15, 15, 4;
    %store/vec4 v000001bfdcbf6610_0, 0, 4;
    %jmp T_21.4;
T_21.0 ;
    %pushi/vec4 0, 0, 4;
    %store/vec4 v000001bfdcbf6610_0, 0, 4;
    %jmp T_21.4;
T_21.1 ;
    %load/vec4 v000001bfdcbf6e30_0;
    %parti/s 1, 5, 4;
    %inv;
    %flag_set/vec4 8;
    %jmp/0xz  T_21.5, 8;
    %load/vec4 v000001bfdcbf6f70_0;
    %dup/vec4;
    %pushi/vec4 0, 0, 3;
    %cmp/u;
    %jmp/1 T_21.7, 6;
    %dup/vec4;
    %pushi/vec4 1, 0, 3;
    %cmp/u;
    %jmp/1 T_21.8, 6;
    %dup/vec4;
    %pushi/vec4 2, 0, 3;
    %cmp/u;
    %jmp/1 T_21.9, 6;
    %dup/vec4;
    %pushi/vec4 3, 0, 3;
    %cmp/u;
    %jmp/1 T_21.10, 6;
    %dup/vec4;
    %pushi/vec4 4, 0, 3;
    %cmp/u;
    %jmp/1 T_21.11, 6;
    %dup/vec4;
    %pushi/vec4 5, 0, 3;
    %cmp/u;
    %jmp/1 T_21.12, 6;
    %dup/vec4;
    %pushi/vec4 6, 0, 3;
    %cmp/u;
    %jmp/1 T_21.13, 6;
    %dup/vec4;
    %pushi/vec4 7, 0, 3;
    %cmp/u;
    %jmp/1 T_21.14, 6;
    %jmp T_21.15;
T_21.7 ;
    %pushi/vec4 0, 0, 4;
    %store/vec4 v000001bfdcbf6610_0, 0, 4;
    %jmp T_21.15;
T_21.8 ;
    %pushi/vec4 5, 0, 4;
    %store/vec4 v000001bfdcbf6610_0, 0, 4;
    %jmp T_21.15;
T_21.9 ;
    %pushi/vec4 9, 0, 4;
    %store/vec4 v000001bfdcbf6610_0, 0, 4;
    %jmp T_21.15;
T_21.10 ;
    %pushi/vec4 7, 0, 4;
    %store/vec4 v000001bfdcbf6610_0, 0, 4;
    %jmp T_21.15;
T_21.11 ;
    %pushi/vec4 4, 0, 4;
    %store/vec4 v000001bfdcbf6610_0, 0, 4;
    %jmp T_21.15;
T_21.12 ;
    %load/vec4 v000001bfdcbf6570_0;
    %flag_set/vec4 8;
    %jmp/0xz  T_21.16, 8;
    %pushi/vec4 8, 0, 4;
    %store/vec4 v000001bfdcbf6610_0, 0, 4;
    %jmp T_21.17;
T_21.16 ;
    %pushi/vec4 6, 0, 4;
    %store/vec4 v000001bfdcbf6610_0, 0, 4;
T_21.17 ;
    %jmp T_21.15;
T_21.13 ;
    %pushi/vec4 3, 0, 4;
    %store/vec4 v000001bfdcbf6610_0, 0, 4;
    %jmp T_21.15;
T_21.14 ;
    %pushi/vec4 2, 0, 4;
    %store/vec4 v000001bfdcbf6610_0, 0, 4;
    %jmp T_21.15;
T_21.15 ;
    %pop/vec4 1;
    %jmp T_21.6;
T_21.5 ;
    %load/vec4 v000001bfdcbf6f70_0;
    %dup/vec4;
    %pushi/vec4 0, 0, 3;
    %cmp/u;
    %jmp/1 T_21.18, 6;
    %dup/vec4;
    %pushi/vec4 1, 0, 3;
    %cmp/u;
    %jmp/1 T_21.19, 6;
    %dup/vec4;
    %pushi/vec4 2, 0, 3;
    %cmp/u;
    %jmp/1 T_21.20, 6;
    %dup/vec4;
    %pushi/vec4 3, 0, 3;
    %cmp/u;
    %jmp/1 T_21.21, 6;
    %dup/vec4;
    %pushi/vec4 4, 0, 3;
    %cmp/u;
    %jmp/1 T_21.22, 6;
    %dup/vec4;
    %pushi/vec4 5, 0, 3;
    %cmp/u;
    %jmp/1 T_21.23, 6;
    %dup/vec4;
    %pushi/vec4 6, 0, 3;
    %cmp/u;
    %jmp/1 T_21.24, 6;
    %dup/vec4;
    %pushi/vec4 7, 0, 3;
    %cmp/u;
    %jmp/1 T_21.25, 6;
    %jmp T_21.26;
T_21.18 ;
    %load/vec4 v000001bfdcbf6570_0;
    %flag_set/vec4 8;
    %jmp/0xz  T_21.27, 8;
    %pushi/vec4 1, 0, 4;
    %store/vec4 v000001bfdcbf6610_0, 0, 4;
    %jmp T_21.28;
T_21.27 ;
    %pushi/vec4 0, 0, 4;
    %store/vec4 v000001bfdcbf6610_0, 0, 4;
T_21.28 ;
    %jmp T_21.26;
T_21.19 ;
    %pushi/vec4 5, 0, 4;
    %store/vec4 v000001bfdcbf6610_0, 0, 4;
    %jmp T_21.26;
T_21.20 ;
    %pushi/vec4 9, 0, 4;
    %store/vec4 v000001bfdcbf6610_0, 0, 4;
    %jmp T_21.26;
T_21.21 ;
    %pushi/vec4 7, 0, 4;
    %store/vec4 v000001bfdcbf6610_0, 0, 4;
    %jmp T_21.26;
T_21.22 ;
    %pushi/vec4 4, 0, 4;
    %store/vec4 v000001bfdcbf6610_0, 0, 4;
    %jmp T_21.26;
T_21.23 ;
    %load/vec4 v000001bfdcbf6570_0;
    %flag_set/vec4 8;
    %jmp/0xz  T_21.29, 8;
    %pushi/vec4 8, 0, 4;
    %store/vec4 v000001bfdcbf6610_0, 0, 4;
    %jmp T_21.30;
T_21.29 ;
    %pushi/vec4 6, 0, 4;
    %store/vec4 v000001bfdcbf6610_0, 0, 4;
T_21.30 ;
    %jmp T_21.26;
T_21.24 ;
    %pushi/vec4 3, 0, 4;
    %store/vec4 v000001bfdcbf6610_0, 0, 4;
    %jmp T_21.26;
T_21.25 ;
    %pushi/vec4 2, 0, 4;
    %store/vec4 v000001bfdcbf6610_0, 0, 4;
    %jmp T_21.26;
T_21.26 ;
    %pop/vec4 1;
T_21.6 ;
    %jmp T_21.4;
T_21.2 ;
    %pushi/vec4 1, 0, 4;
    %store/vec4 v000001bfdcbf6610_0, 0, 4;
    %jmp T_21.4;
T_21.4 ;
    %pop/vec4 1;
    %jmp T_21;
    .thread T_21, $push;
    .scope S_000001bfdcbf93e0;
T_22 ;
Ewait_11 .event/or E_000001bfdcb8ff80, E_0x0;
    %wait Ewait_11;
    %load/vec4 v000001bfdcc07f00_0;
    %load/vec4 v000001bfdcc07140_0;
    %cmp/e;
    %flag_get/vec4 4;
    %load/vec4 v000001bfdcc07e60_0;
    %and;
    %load/vec4 v000001bfdcc07f00_0;
    %pushi/vec4 0, 0, 5;
    %cmp/ne;
    %flag_get/vec4 4;
    %and;
    %flag_set/vec4 8;
    %jmp/0xz  T_22.0, 8;
    %pushi/vec4 2, 0, 2;
    %store/vec4 v000001bfdcc06740_0, 0, 2;
    %jmp T_22.1;
T_22.0 ;
    %load/vec4 v000001bfdcc07f00_0;
    %load/vec4 v000001bfdcc06ec0_0;
    %cmp/e;
    %flag_get/vec4 4;
    %load/vec4 v000001bfdcc078c0_0;
    %and;
    %load/vec4 v000001bfdcc07f00_0;
    %pushi/vec4 0, 0, 5;
    %cmp/ne;
    %flag_get/vec4 4;
    %and;
    %flag_set/vec4 8;
    %jmp/0xz  T_22.2, 8;
    %pushi/vec4 1, 0, 2;
    %store/vec4 v000001bfdcc06740_0, 0, 2;
    %jmp T_22.3;
T_22.2 ;
    %pushi/vec4 0, 0, 2;
    %store/vec4 v000001bfdcc06740_0, 0, 2;
T_22.3 ;
T_22.1 ;
    %jmp T_22;
    .thread T_22, $push;
    .scope S_000001bfdcbf93e0;
T_23 ;
Ewait_12 .event/or E_000001bfdcb8f2c0, E_0x0;
    %wait Ewait_12;
    %load/vec4 v000001bfdcc067e0_0;
    %load/vec4 v000001bfdcc07140_0;
    %cmp/e;
    %flag_get/vec4 4;
    %load/vec4 v000001bfdcc07e60_0;
    %and;
    %load/vec4 v000001bfdcc067e0_0;
    %pushi/vec4 0, 0, 5;
    %cmp/ne;
    %flag_get/vec4 4;
    %and;
    %flag_set/vec4 8;
    %jmp/0xz  T_23.0, 8;
    %pushi/vec4 2, 0, 2;
    %store/vec4 v000001bfdcc08860_0, 0, 2;
    %jmp T_23.1;
T_23.0 ;
    %load/vec4 v000001bfdcc067e0_0;
    %load/vec4 v000001bfdcc06ec0_0;
    %cmp/e;
    %flag_get/vec4 4;
    %load/vec4 v000001bfdcc078c0_0;
    %and;
    %load/vec4 v000001bfdcc067e0_0;
    %pushi/vec4 0, 0, 5;
    %cmp/ne;
    %flag_get/vec4 4;
    %and;
    %flag_set/vec4 8;
    %jmp/0xz  T_23.2, 8;
    %pushi/vec4 1, 0, 2;
    %store/vec4 v000001bfdcc08860_0, 0, 2;
    %jmp T_23.3;
T_23.2 ;
    %pushi/vec4 0, 0, 2;
    %store/vec4 v000001bfdcc08860_0, 0, 2;
T_23.3 ;
T_23.1 ;
    %jmp T_23;
    .thread T_23, $push;
    .scope S_000001bfdca6b580;
T_24 ;
    %wait E_000001bfdcb8dbc0;
    %load/vec4 v000001bfdcb42d20_0;
    %flag_set/vec4 8;
    %jmp/0xz  T_24.0, 8;
    %pushi/vec4 0, 0, 1;
    %ix/load 4, 0, 0;
    %ix/load 5, 0, 0;
    %flag_set/imm 4, 0;
    %assign/vec4/off/d v000001bfdcb42e60_0, 4, 5;
    %pushi/vec4 0, 0, 1;
    %ix/load 4, 0, 0;
    %ix/load 5, 0, 0;
    %flag_set/imm 4, 0;
    %assign/vec4/off/d v000001bfdcb39450_0, 4, 5;
    %pushi/vec4 0, 0, 1;
    %ix/load 4, 32, 0;
    %ix/load 5, 0, 0;
    %flag_set/imm 4, 0;
    %assign/vec4/off/d v000001bfdcb39450_0, 4, 5;
T_24.0 ;
    %jmp T_24;
    .thread T_24;
    .scope S_000001bfdca6b710;
T_25 ;
    %wait E_000001bfdcb8dbc0;
    %load/vec4 v000001bfdcb42d20_0;
    %flag_set/vec4 8;
    %jmp/0xz  T_25.0, 8;
    %pushi/vec4 0, 0, 1;
    %ix/load 4, 1, 0;
    %ix/load 5, 0, 0;
    %flag_set/imm 4, 0;
    %assign/vec4/off/d v000001bfdcb42e60_0, 4, 5;
    %pushi/vec4 0, 0, 1;
    %ix/load 4, 1, 0;
    %ix/load 5, 0, 0;
    %flag_set/imm 4, 0;
    %assign/vec4/off/d v000001bfdcb39450_0, 4, 5;
    %pushi/vec4 0, 0, 1;
    %ix/load 4, 33, 0;
    %ix/load 5, 0, 0;
    %flag_set/imm 4, 0;
    %assign/vec4/off/d v000001bfdcb39450_0, 4, 5;
T_25.0 ;
    %jmp T_25;
    .thread T_25;
    .scope S_000001bfdcafca10;
T_26 ;
    %wait E_000001bfdcb8dbc0;
    %load/vec4 v000001bfdcb42d20_0;
    %flag_set/vec4 8;
    %jmp/0xz  T_26.0, 8;
    %pushi/vec4 0, 0, 1;
    %ix/load 4, 2, 0;
    %ix/load 5, 0, 0;
    %flag_set/imm 4, 0;
    %assign/vec4/off/d v000001bfdcb42e60_0, 4, 5;
    %pushi/vec4 0, 0, 1;
    %ix/load 4, 2, 0;
    %ix/load 5, 0, 0;
    %flag_set/imm 4, 0;
    %assign/vec4/off/d v000001bfdcb39450_0, 4, 5;
    %pushi/vec4 0, 0, 1;
    %ix/load 4, 34, 0;
    %ix/load 5, 0, 0;
    %flag_set/imm 4, 0;
    %assign/vec4/off/d v000001bfdcb39450_0, 4, 5;
T_26.0 ;
    %jmp T_26;
    .thread T_26;
    .scope S_000001bfdcbf3a50;
T_27 ;
    %wait E_000001bfdcb8dbc0;
    %load/vec4 v000001bfdcb42d20_0;
    %flag_set/vec4 8;
    %jmp/0xz  T_27.0, 8;
    %pushi/vec4 0, 0, 1;
    %ix/load 4, 3, 0;
    %ix/load 5, 0, 0;
    %flag_set/imm 4, 0;
    %assign/vec4/off/d v000001bfdcb42e60_0, 4, 5;
    %pushi/vec4 0, 0, 1;
    %ix/load 4, 3, 0;
    %ix/load 5, 0, 0;
    %flag_set/imm 4, 0;
    %assign/vec4/off/d v000001bfdcb39450_0, 4, 5;
    %pushi/vec4 0, 0, 1;
    %ix/load 4, 35, 0;
    %ix/load 5, 0, 0;
    %flag_set/imm 4, 0;
    %assign/vec4/off/d v000001bfdcb39450_0, 4, 5;
T_27.0 ;
    %jmp T_27;
    .thread T_27;
    .scope S_000001bfdcbf3410;
T_28 ;
    %wait E_000001bfdcb8dbc0;
    %load/vec4 v000001bfdcb42d20_0;
    %flag_set/vec4 8;
    %jmp/0xz  T_28.0, 8;
    %pushi/vec4 0, 0, 1;
    %ix/load 4, 4, 0;
    %ix/load 5, 0, 0;
    %flag_set/imm 4, 0;
    %assign/vec4/off/d v000001bfdcb42e60_0, 4, 5;
    %pushi/vec4 0, 0, 1;
    %ix/load 4, 4, 0;
    %ix/load 5, 0, 0;
    %flag_set/imm 4, 0;
    %assign/vec4/off/d v000001bfdcb39450_0, 4, 5;
    %pushi/vec4 0, 0, 1;
    %ix/load 4, 36, 0;
    %ix/load 5, 0, 0;
    %flag_set/imm 4, 0;
    %assign/vec4/off/d v000001bfdcb39450_0, 4, 5;
T_28.0 ;
    %jmp T_28;
    .thread T_28;
    .scope S_000001bfdcbf35a0;
T_29 ;
    %wait E_000001bfdcb8dbc0;
    %load/vec4 v000001bfdcb42d20_0;
    %flag_set/vec4 8;
    %jmp/0xz  T_29.0, 8;
    %pushi/vec4 0, 0, 1;
    %ix/load 4, 5, 0;
    %ix/load 5, 0, 0;
    %flag_set/imm 4, 0;
    %assign/vec4/off/d v000001bfdcb42e60_0, 4, 5;
    %pushi/vec4 0, 0, 1;
    %ix/load 4, 5, 0;
    %ix/load 5, 0, 0;
    %flag_set/imm 4, 0;
    %assign/vec4/off/d v000001bfdcb39450_0, 4, 5;
    %pushi/vec4 0, 0, 1;
    %ix/load 4, 37, 0;
    %ix/load 5, 0, 0;
    %flag_set/imm 4, 0;
    %assign/vec4/off/d v000001bfdcb39450_0, 4, 5;
T_29.0 ;
    %jmp T_29;
    .thread T_29;
    .scope S_000001bfdcbf4090;
T_30 ;
    %wait E_000001bfdcb8dbc0;
    %load/vec4 v000001bfdcb42d20_0;
    %flag_set/vec4 8;
    %jmp/0xz  T_30.0, 8;
    %pushi/vec4 0, 0, 1;
    %ix/load 4, 6, 0;
    %ix/load 5, 0, 0;
    %flag_set/imm 4, 0;
    %assign/vec4/off/d v000001bfdcb42e60_0, 4, 5;
    %pushi/vec4 0, 0, 1;
    %ix/load 4, 6, 0;
    %ix/load 5, 0, 0;
    %flag_set/imm 4, 0;
    %assign/vec4/off/d v000001bfdcb39450_0, 4, 5;
    %pushi/vec4 0, 0, 1;
    %ix/load 4, 38, 0;
    %ix/load 5, 0, 0;
    %flag_set/imm 4, 0;
    %assign/vec4/off/d v000001bfdcb39450_0, 4, 5;
T_30.0 ;
    %jmp T_30;
    .thread T_30;
    .scope S_000001bfdcbf3d70;
T_31 ;
    %wait E_000001bfdcb8dbc0;
    %load/vec4 v000001bfdcb42d20_0;
    %flag_set/vec4 8;
    %jmp/0xz  T_31.0, 8;
    %pushi/vec4 0, 0, 1;
    %ix/load 4, 7, 0;
    %ix/load 5, 0, 0;
    %flag_set/imm 4, 0;
    %assign/vec4/off/d v000001bfdcb42e60_0, 4, 5;
    %pushi/vec4 0, 0, 1;
    %ix/load 4, 7, 0;
    %ix/load 5, 0, 0;
    %flag_set/imm 4, 0;
    %assign/vec4/off/d v000001bfdcb39450_0, 4, 5;
    %pushi/vec4 0, 0, 1;
    %ix/load 4, 39, 0;
    %ix/load 5, 0, 0;
    %flag_set/imm 4, 0;
    %assign/vec4/off/d v000001bfdcb39450_0, 4, 5;
T_31.0 ;
    %jmp T_31;
    .thread T_31;
    .scope S_000001bfdcbf3f00;
T_32 ;
    %wait E_000001bfdcb8dbc0;
    %load/vec4 v000001bfdcb42d20_0;
    %flag_set/vec4 8;
    %jmp/0xz  T_32.0, 8;
    %pushi/vec4 0, 0, 1;
    %ix/load 4, 8, 0;
    %ix/load 5, 0, 0;
    %flag_set/imm 4, 0;
    %assign/vec4/off/d v000001bfdcb42e60_0, 4, 5;
    %pushi/vec4 0, 0, 1;
    %ix/load 4, 8, 0;
    %ix/load 5, 0, 0;
    %flag_set/imm 4, 0;
    %assign/vec4/off/d v000001bfdcb39450_0, 4, 5;
    %pushi/vec4 0, 0, 1;
    %ix/load 4, 40, 0;
    %ix/load 5, 0, 0;
    %flag_set/imm 4, 0;
    %assign/vec4/off/d v000001bfdcb39450_0, 4, 5;
T_32.0 ;
    %jmp T_32;
    .thread T_32;
    .scope S_000001bfdcbf38c0;
T_33 ;
    %wait E_000001bfdcb8dbc0;
    %load/vec4 v000001bfdcb42d20_0;
    %flag_set/vec4 8;
    %jmp/0xz  T_33.0, 8;
    %pushi/vec4 0, 0, 1;
    %ix/load 4, 9, 0;
    %ix/load 5, 0, 0;
    %flag_set/imm 4, 0;
    %assign/vec4/off/d v000001bfdcb42e60_0, 4, 5;
    %pushi/vec4 0, 0, 1;
    %ix/load 4, 9, 0;
    %ix/load 5, 0, 0;
    %flag_set/imm 4, 0;
    %assign/vec4/off/d v000001bfdcb39450_0, 4, 5;
    %pushi/vec4 0, 0, 1;
    %ix/load 4, 41, 0;
    %ix/load 5, 0, 0;
    %flag_set/imm 4, 0;
    %assign/vec4/off/d v000001bfdcb39450_0, 4, 5;
T_33.0 ;
    %jmp T_33;
    .thread T_33;
    .scope S_000001bfdcbf4220;
T_34 ;
    %wait E_000001bfdcb8dbc0;
    %load/vec4 v000001bfdcb42d20_0;
    %flag_set/vec4 8;
    %jmp/0xz  T_34.0, 8;
    %pushi/vec4 0, 0, 1;
    %ix/load 4, 10, 0;
    %ix/load 5, 0, 0;
    %flag_set/imm 4, 0;
    %assign/vec4/off/d v000001bfdcb42e60_0, 4, 5;
    %pushi/vec4 0, 0, 1;
    %ix/load 4, 10, 0;
    %ix/load 5, 0, 0;
    %flag_set/imm 4, 0;
    %assign/vec4/off/d v000001bfdcb39450_0, 4, 5;
    %pushi/vec4 0, 0, 1;
    %ix/load 4, 42, 0;
    %ix/load 5, 0, 0;
    %flag_set/imm 4, 0;
    %assign/vec4/off/d v000001bfdcb39450_0, 4, 5;
T_34.0 ;
    %jmp T_34;
    .thread T_34;
    .scope S_000001bfdcbf3730;
T_35 ;
    %wait E_000001bfdcb8dbc0;
    %load/vec4 v000001bfdcb42d20_0;
    %flag_set/vec4 8;
    %jmp/0xz  T_35.0, 8;
    %pushi/vec4 0, 0, 1;
    %ix/load 4, 11, 0;
    %ix/load 5, 0, 0;
    %flag_set/imm 4, 0;
    %assign/vec4/off/d v000001bfdcb42e60_0, 4, 5;
    %pushi/vec4 0, 0, 1;
    %ix/load 4, 11, 0;
    %ix/load 5, 0, 0;
    %flag_set/imm 4, 0;
    %assign/vec4/off/d v000001bfdcb39450_0, 4, 5;
    %pushi/vec4 0, 0, 1;
    %ix/load 4, 43, 0;
    %ix/load 5, 0, 0;
    %flag_set/imm 4, 0;
    %assign/vec4/off/d v000001bfdcb39450_0, 4, 5;
T_35.0 ;
    %jmp T_35;
    .thread T_35;
    .scope S_000001bfdcbf3be0;
T_36 ;
    %wait E_000001bfdcb8dbc0;
    %load/vec4 v000001bfdcb42d20_0;
    %flag_set/vec4 8;
    %jmp/0xz  T_36.0, 8;
    %pushi/vec4 0, 0, 1;
    %ix/load 4, 12, 0;
    %ix/load 5, 0, 0;
    %flag_set/imm 4, 0;
    %assign/vec4/off/d v000001bfdcb42e60_0, 4, 5;
    %pushi/vec4 0, 0, 1;
    %ix/load 4, 12, 0;
    %ix/load 5, 0, 0;
    %flag_set/imm 4, 0;
    %assign/vec4/off/d v000001bfdcb39450_0, 4, 5;
    %pushi/vec4 0, 0, 1;
    %ix/load 4, 44, 0;
    %ix/load 5, 0, 0;
    %flag_set/imm 4, 0;
    %assign/vec4/off/d v000001bfdcb39450_0, 4, 5;
T_36.0 ;
    %jmp T_36;
    .thread T_36;
    .scope S_000001bfdcbf5230;
T_37 ;
    %wait E_000001bfdcb8dbc0;
    %load/vec4 v000001bfdcb42d20_0;
    %flag_set/vec4 8;
    %jmp/0xz  T_37.0, 8;
    %pushi/vec4 0, 0, 1;
    %ix/load 4, 13, 0;
    %ix/load 5, 0, 0;
    %flag_set/imm 4, 0;
    %assign/vec4/off/d v000001bfdcb42e60_0, 4, 5;
    %pushi/vec4 0, 0, 1;
    %ix/load 4, 13, 0;
    %ix/load 5, 0, 0;
    %flag_set/imm 4, 0;
    %assign/vec4/off/d v000001bfdcb39450_0, 4, 5;
    %pushi/vec4 0, 0, 1;
    %ix/load 4, 45, 0;
    %ix/load 5, 0, 0;
    %flag_set/imm 4, 0;
    %assign/vec4/off/d v000001bfdcb39450_0, 4, 5;
T_37.0 ;
    %jmp T_37;
    .thread T_37;
    .scope S_000001bfdcbf4420;
T_38 ;
    %wait E_000001bfdcb8dbc0;
    %load/vec4 v000001bfdcb42d20_0;
    %flag_set/vec4 8;
    %jmp/0xz  T_38.0, 8;
    %pushi/vec4 0, 0, 1;
    %ix/load 4, 14, 0;
    %ix/load 5, 0, 0;
    %flag_set/imm 4, 0;
    %assign/vec4/off/d v000001bfdcb42e60_0, 4, 5;
    %pushi/vec4 0, 0, 1;
    %ix/load 4, 14, 0;
    %ix/load 5, 0, 0;
    %flag_set/imm 4, 0;
    %assign/vec4/off/d v000001bfdcb39450_0, 4, 5;
    %pushi/vec4 0, 0, 1;
    %ix/load 4, 46, 0;
    %ix/load 5, 0, 0;
    %flag_set/imm 4, 0;
    %assign/vec4/off/d v000001bfdcb39450_0, 4, 5;
T_38.0 ;
    %jmp T_38;
    .thread T_38;
    .scope S_000001bfdcbf5870;
T_39 ;
    %wait E_000001bfdcb8dbc0;
    %load/vec4 v000001bfdcb42d20_0;
    %flag_set/vec4 8;
    %jmp/0xz  T_39.0, 8;
    %pushi/vec4 0, 0, 1;
    %ix/load 4, 15, 0;
    %ix/load 5, 0, 0;
    %flag_set/imm 4, 0;
    %assign/vec4/off/d v000001bfdcb42e60_0, 4, 5;
    %pushi/vec4 0, 0, 1;
    %ix/load 4, 15, 0;
    %ix/load 5, 0, 0;
    %flag_set/imm 4, 0;
    %assign/vec4/off/d v000001bfdcb39450_0, 4, 5;
    %pushi/vec4 0, 0, 1;
    %ix/load 4, 47, 0;
    %ix/load 5, 0, 0;
    %flag_set/imm 4, 0;
    %assign/vec4/off/d v000001bfdcb39450_0, 4, 5;
T_39.0 ;
    %jmp T_39;
    .thread T_39;
    .scope S_000001bfdcbf5550;
T_40 ;
    %wait E_000001bfdcb8dbc0;
    %load/vec4 v000001bfdcb42d20_0;
    %flag_set/vec4 8;
    %jmp/0xz  T_40.0, 8;
    %pushi/vec4 0, 0, 1;
    %ix/load 4, 16, 0;
    %ix/load 5, 0, 0;
    %flag_set/imm 4, 0;
    %assign/vec4/off/d v000001bfdcb42e60_0, 4, 5;
    %pushi/vec4 0, 0, 1;
    %ix/load 4, 16, 0;
    %ix/load 5, 0, 0;
    %flag_set/imm 4, 0;
    %assign/vec4/off/d v000001bfdcb39450_0, 4, 5;
    %pushi/vec4 0, 0, 1;
    %ix/load 4, 48, 0;
    %ix/load 5, 0, 0;
    %flag_set/imm 4, 0;
    %assign/vec4/off/d v000001bfdcb39450_0, 4, 5;
T_40.0 ;
    %jmp T_40;
    .thread T_40;
    .scope S_000001bfdcbf56e0;
T_41 ;
    %wait E_000001bfdcb8dbc0;
    %load/vec4 v000001bfdcb42d20_0;
    %flag_set/vec4 8;
    %jmp/0xz  T_41.0, 8;
    %pushi/vec4 0, 0, 1;
    %ix/load 4, 17, 0;
    %ix/load 5, 0, 0;
    %flag_set/imm 4, 0;
    %assign/vec4/off/d v000001bfdcb42e60_0, 4, 5;
    %pushi/vec4 0, 0, 1;
    %ix/load 4, 17, 0;
    %ix/load 5, 0, 0;
    %flag_set/imm 4, 0;
    %assign/vec4/off/d v000001bfdcb39450_0, 4, 5;
    %pushi/vec4 0, 0, 1;
    %ix/load 4, 49, 0;
    %ix/load 5, 0, 0;
    %flag_set/imm 4, 0;
    %assign/vec4/off/d v000001bfdcb39450_0, 4, 5;
T_41.0 ;
    %jmp T_41;
    .thread T_41;
    .scope S_000001bfdcbf48d0;
T_42 ;
    %wait E_000001bfdcb8dbc0;
    %load/vec4 v000001bfdcb42d20_0;
    %flag_set/vec4 8;
    %jmp/0xz  T_42.0, 8;
    %pushi/vec4 0, 0, 1;
    %ix/load 4, 18, 0;
    %ix/load 5, 0, 0;
    %flag_set/imm 4, 0;
    %assign/vec4/off/d v000001bfdcb42e60_0, 4, 5;
    %pushi/vec4 0, 0, 1;
    %ix/load 4, 18, 0;
    %ix/load 5, 0, 0;
    %flag_set/imm 4, 0;
    %assign/vec4/off/d v000001bfdcb39450_0, 4, 5;
    %pushi/vec4 0, 0, 1;
    %ix/load 4, 50, 0;
    %ix/load 5, 0, 0;
    %flag_set/imm 4, 0;
    %assign/vec4/off/d v000001bfdcb39450_0, 4, 5;
T_42.0 ;
    %jmp T_42;
    .thread T_42;
    .scope S_000001bfdcbf4a60;
T_43 ;
    %wait E_000001bfdcb8dbc0;
    %load/vec4 v000001bfdcb42d20_0;
    %flag_set/vec4 8;
    %jmp/0xz  T_43.0, 8;
    %pushi/vec4 0, 0, 1;
    %ix/load 4, 19, 0;
    %ix/load 5, 0, 0;
    %flag_set/imm 4, 0;
    %assign/vec4/off/d v000001bfdcb42e60_0, 4, 5;
    %pushi/vec4 0, 0, 1;
    %ix/load 4, 19, 0;
    %ix/load 5, 0, 0;
    %flag_set/imm 4, 0;
    %assign/vec4/off/d v000001bfdcb39450_0, 4, 5;
    %pushi/vec4 0, 0, 1;
    %ix/load 4, 51, 0;
    %ix/load 5, 0, 0;
    %flag_set/imm 4, 0;
    %assign/vec4/off/d v000001bfdcb39450_0, 4, 5;
T_43.0 ;
    %jmp T_43;
    .thread T_43;
    .scope S_000001bfdcbf4f10;
T_44 ;
    %wait E_000001bfdcb8dbc0;
    %load/vec4 v000001bfdcb42d20_0;
    %flag_set/vec4 8;
    %jmp/0xz  T_44.0, 8;
    %pushi/vec4 0, 0, 1;
    %ix/load 4, 20, 0;
    %ix/load 5, 0, 0;
    %flag_set/imm 4, 0;
    %assign/vec4/off/d v000001bfdcb42e60_0, 4, 5;
    %pushi/vec4 0, 0, 1;
    %ix/load 4, 20, 0;
    %ix/load 5, 0, 0;
    %flag_set/imm 4, 0;
    %assign/vec4/off/d v000001bfdcb39450_0, 4, 5;
    %pushi/vec4 0, 0, 1;
    %ix/load 4, 52, 0;
    %ix/load 5, 0, 0;
    %flag_set/imm 4, 0;
    %assign/vec4/off/d v000001bfdcb39450_0, 4, 5;
T_44.0 ;
    %jmp T_44;
    .thread T_44;
    .scope S_000001bfdcbf45b0;
T_45 ;
    %wait E_000001bfdcb8dbc0;
    %load/vec4 v000001bfdcb42d20_0;
    %flag_set/vec4 8;
    %jmp/0xz  T_45.0, 8;
    %pushi/vec4 0, 0, 1;
    %ix/load 4, 21, 0;
    %ix/load 5, 0, 0;
    %flag_set/imm 4, 0;
    %assign/vec4/off/d v000001bfdcb42e60_0, 4, 5;
    %pushi/vec4 0, 0, 1;
    %ix/load 4, 21, 0;
    %ix/load 5, 0, 0;
    %flag_set/imm 4, 0;
    %assign/vec4/off/d v000001bfdcb39450_0, 4, 5;
    %pushi/vec4 0, 0, 1;
    %ix/load 4, 53, 0;
    %ix/load 5, 0, 0;
    %flag_set/imm 4, 0;
    %assign/vec4/off/d v000001bfdcb39450_0, 4, 5;
T_45.0 ;
    %jmp T_45;
    .thread T_45;
    .scope S_000001bfdcbf5eb0;
T_46 ;
    %wait E_000001bfdcb8dbc0;
    %load/vec4 v000001bfdcb42d20_0;
    %flag_set/vec4 8;
    %jmp/0xz  T_46.0, 8;
    %pushi/vec4 0, 0, 1;
    %ix/load 4, 22, 0;
    %ix/load 5, 0, 0;
    %flag_set/imm 4, 0;
    %assign/vec4/off/d v000001bfdcb42e60_0, 4, 5;
    %pushi/vec4 0, 0, 1;
    %ix/load 4, 22, 0;
    %ix/load 5, 0, 0;
    %flag_set/imm 4, 0;
    %assign/vec4/off/d v000001bfdcb39450_0, 4, 5;
    %pushi/vec4 0, 0, 1;
    %ix/load 4, 54, 0;
    %ix/load 5, 0, 0;
    %flag_set/imm 4, 0;
    %assign/vec4/off/d v000001bfdcb39450_0, 4, 5;
T_46.0 ;
    %jmp T_46;
    .thread T_46;
    .scope S_000001bfdcbf61d0;
T_47 ;
    %wait E_000001bfdcb8dbc0;
    %load/vec4 v000001bfdcb42d20_0;
    %flag_set/vec4 8;
    %jmp/0xz  T_47.0, 8;
    %pushi/vec4 0, 0, 1;
    %ix/load 4, 23, 0;
    %ix/load 5, 0, 0;
    %flag_set/imm 4, 0;
    %assign/vec4/off/d v000001bfdcb42e60_0, 4, 5;
    %pushi/vec4 0, 0, 1;
    %ix/load 4, 23, 0;
    %ix/load 5, 0, 0;
    %flag_set/imm 4, 0;
    %assign/vec4/off/d v000001bfdcb39450_0, 4, 5;
    %pushi/vec4 0, 0, 1;
    %ix/load 4, 55, 0;
    %ix/load 5, 0, 0;
    %flag_set/imm 4, 0;
    %assign/vec4/off/d v000001bfdcb39450_0, 4, 5;
T_47.0 ;
    %jmp T_47;
    .thread T_47;
    .scope S_000001bfdcbf4bf0;
T_48 ;
    %wait E_000001bfdcb8dbc0;
    %load/vec4 v000001bfdcb42d20_0;
    %flag_set/vec4 8;
    %jmp/0xz  T_48.0, 8;
    %pushi/vec4 0, 0, 1;
    %ix/load 4, 24, 0;
    %ix/load 5, 0, 0;
    %flag_set/imm 4, 0;
    %assign/vec4/off/d v000001bfdcb42e60_0, 4, 5;
    %pushi/vec4 0, 0, 1;
    %ix/load 4, 24, 0;
    %ix/load 5, 0, 0;
    %flag_set/imm 4, 0;
    %assign/vec4/off/d v000001bfdcb39450_0, 4, 5;
    %pushi/vec4 0, 0, 1;
    %ix/load 4, 56, 0;
    %ix/load 5, 0, 0;
    %flag_set/imm 4, 0;
    %assign/vec4/off/d v000001bfdcb39450_0, 4, 5;
T_48.0 ;
    %jmp T_48;
    .thread T_48;
    .scope S_000001bfdcbf53c0;
T_49 ;
    %wait E_000001bfdcb8dbc0;
    %load/vec4 v000001bfdcb42d20_0;
    %flag_set/vec4 8;
    %jmp/0xz  T_49.0, 8;
    %pushi/vec4 0, 0, 1;
    %ix/load 4, 25, 0;
    %ix/load 5, 0, 0;
    %flag_set/imm 4, 0;
    %assign/vec4/off/d v000001bfdcb42e60_0, 4, 5;
    %pushi/vec4 0, 0, 1;
    %ix/load 4, 25, 0;
    %ix/load 5, 0, 0;
    %flag_set/imm 4, 0;
    %assign/vec4/off/d v000001bfdcb39450_0, 4, 5;
    %pushi/vec4 0, 0, 1;
    %ix/load 4, 57, 0;
    %ix/load 5, 0, 0;
    %flag_set/imm 4, 0;
    %assign/vec4/off/d v000001bfdcb39450_0, 4, 5;
T_49.0 ;
    %jmp T_49;
    .thread T_49;
    .scope S_000001bfdcbf4740;
T_50 ;
    %wait E_000001bfdcb8dbc0;
    %load/vec4 v000001bfdcb42d20_0;
    %flag_set/vec4 8;
    %jmp/0xz  T_50.0, 8;
    %pushi/vec4 0, 0, 1;
    %ix/load 4, 26, 0;
    %ix/load 5, 0, 0;
    %flag_set/imm 4, 0;
    %assign/vec4/off/d v000001bfdcb42e60_0, 4, 5;
    %pushi/vec4 0, 0, 1;
    %ix/load 4, 26, 0;
    %ix/load 5, 0, 0;
    %flag_set/imm 4, 0;
    %assign/vec4/off/d v000001bfdcb39450_0, 4, 5;
    %pushi/vec4 0, 0, 1;
    %ix/load 4, 58, 0;
    %ix/load 5, 0, 0;
    %flag_set/imm 4, 0;
    %assign/vec4/off/d v000001bfdcb39450_0, 4, 5;
T_50.0 ;
    %jmp T_50;
    .thread T_50;
    .scope S_000001bfdcbf4d80;
T_51 ;
    %wait E_000001bfdcb8dbc0;
    %load/vec4 v000001bfdcb42d20_0;
    %flag_set/vec4 8;
    %jmp/0xz  T_51.0, 8;
    %pushi/vec4 0, 0, 1;
    %ix/load 4, 27, 0;
    %ix/load 5, 0, 0;
    %flag_set/imm 4, 0;
    %assign/vec4/off/d v000001bfdcb42e60_0, 4, 5;
    %pushi/vec4 0, 0, 1;
    %ix/load 4, 27, 0;
    %ix/load 5, 0, 0;
    %flag_set/imm 4, 0;
    %assign/vec4/off/d v000001bfdcb39450_0, 4, 5;
    %pushi/vec4 0, 0, 1;
    %ix/load 4, 59, 0;
    %ix/load 5, 0, 0;
    %flag_set/imm 4, 0;
    %assign/vec4/off/d v000001bfdcb39450_0, 4, 5;
T_51.0 ;
    %jmp T_51;
    .thread T_51;
    .scope S_000001bfdcbf5a00;
T_52 ;
    %wait E_000001bfdcb8dbc0;
    %load/vec4 v000001bfdcb42d20_0;
    %flag_set/vec4 8;
    %jmp/0xz  T_52.0, 8;
    %pushi/vec4 0, 0, 1;
    %ix/load 4, 28, 0;
    %ix/load 5, 0, 0;
    %flag_set/imm 4, 0;
    %assign/vec4/off/d v000001bfdcb42e60_0, 4, 5;
    %pushi/vec4 0, 0, 1;
    %ix/load 4, 28, 0;
    %ix/load 5, 0, 0;
    %flag_set/imm 4, 0;
    %assign/vec4/off/d v000001bfdcb39450_0, 4, 5;
    %pushi/vec4 0, 0, 1;
    %ix/load 4, 60, 0;
    %ix/load 5, 0, 0;
    %flag_set/imm 4, 0;
    %assign/vec4/off/d v000001bfdcb39450_0, 4, 5;
T_52.0 ;
    %jmp T_52;
    .thread T_52;
    .scope S_000001bfdcbf5b90;
T_53 ;
    %wait E_000001bfdcb8dbc0;
    %load/vec4 v000001bfdcb42d20_0;
    %flag_set/vec4 8;
    %jmp/0xz  T_53.0, 8;
    %pushi/vec4 0, 0, 1;
    %ix/load 4, 29, 0;
    %ix/load 5, 0, 0;
    %flag_set/imm 4, 0;
    %assign/vec4/off/d v000001bfdcb42e60_0, 4, 5;
    %pushi/vec4 0, 0, 1;
    %ix/load 4, 29, 0;
    %ix/load 5, 0, 0;
    %flag_set/imm 4, 0;
    %assign/vec4/off/d v000001bfdcb39450_0, 4, 5;
    %pushi/vec4 0, 0, 1;
    %ix/load 4, 61, 0;
    %ix/load 5, 0, 0;
    %flag_set/imm 4, 0;
    %assign/vec4/off/d v000001bfdcb39450_0, 4, 5;
T_53.0 ;
    %jmp T_53;
    .thread T_53;
    .scope S_000001bfdcbf5d20;
T_54 ;
    %wait E_000001bfdcb8dbc0;
    %load/vec4 v000001bfdcb42d20_0;
    %flag_set/vec4 8;
    %jmp/0xz  T_54.0, 8;
    %pushi/vec4 0, 0, 1;
    %ix/load 4, 30, 0;
    %ix/load 5, 0, 0;
    %flag_set/imm 4, 0;
    %assign/vec4/off/d v000001bfdcb42e60_0, 4, 5;
    %pushi/vec4 0, 0, 1;
    %ix/load 4, 30, 0;
    %ix/load 5, 0, 0;
    %flag_set/imm 4, 0;
    %assign/vec4/off/d v000001bfdcb39450_0, 4, 5;
    %pushi/vec4 0, 0, 1;
    %ix/load 4, 62, 0;
    %ix/load 5, 0, 0;
    %flag_set/imm 4, 0;
    %assign/vec4/off/d v000001bfdcb39450_0, 4, 5;
T_54.0 ;
    %jmp T_54;
    .thread T_54;
    .scope S_000001bfdcbf6040;
T_55 ;
    %wait E_000001bfdcb8dbc0;
    %load/vec4 v000001bfdcb42d20_0;
    %flag_set/vec4 8;
    %jmp/0xz  T_55.0, 8;
    %pushi/vec4 0, 0, 1;
    %ix/load 4, 31, 0;
    %ix/load 5, 0, 0;
    %flag_set/imm 4, 0;
    %assign/vec4/off/d v000001bfdcb42e60_0, 4, 5;
    %pushi/vec4 0, 0, 1;
    %ix/load 4, 31, 0;
    %ix/load 5, 0, 0;
    %flag_set/imm 4, 0;
    %assign/vec4/off/d v000001bfdcb39450_0, 4, 5;
    %pushi/vec4 0, 0, 1;
    %ix/load 4, 63, 0;
    %ix/load 5, 0, 0;
    %flag_set/imm 4, 0;
    %assign/vec4/off/d v000001bfdcb39450_0, 4, 5;
T_55.0 ;
    %jmp T_55;
    .thread T_55;
    .scope S_000001bfdcaf48e0;
T_56 ;
T_56.0 ;
    %wait E_000001bfdcb8dbc0;
    %delay 1, 0;
    %fork t_3, S_000001bfdcaf4a70;
    %jmp t_2;
    .scope S_000001bfdcaf4a70;
t_3 ;
    %pushi/vec4 0, 0, 32;
    %store/vec4 v000001bfdcb837f0_0, 0, 32;
T_56.1 ;
    %load/vec4 v000001bfdcb837f0_0;
    %cmpi/s 32, 0, 32;
    %jmp/0xz T_56.2, 5;
    %load/vec4 v000001bfdcb41b00_0;
    %load/vec4 v000001bfdcb837f0_0;
    %pad/s 37;
    %muli 25, 0, 37;
    %part/s 25;
    %load/vec4 v000001bfdcb39450_0;
    %load/vec4 v000001bfdcb837f0_0;
    %pad/s 34;
    %addi 32, 0, 34;
    %part/s 1;
    %load/vec4 v000001bfdcb41b00_0;
    %load/vec4 v000001bfdcb837f0_0;
    %pad/s 37;
    %muli 25, 0, 37;
    %pad/s 38;
    %addi 800, 0, 38;
    %part/s 25;
    %load/vec4 v000001bfdcb43720_0;
    %load/vec4 v000001bfdcb837f0_0;
    %pad/s 33;
    %muli 2, 0, 33;
    %part/s 2;
    %load/vec4 v000001bfdcb42c80_0;
    %load/vec4 v000001bfdcb837f0_0;
    %pad/s 37;
    %muli 32, 0, 37;
    %part/s 32;
    %vpi_call/w 8 25 "$display", "CACHE %h %h %h %h %h %h %h %h %h", v000001bfdcb65050_0, &PV<v000001bfdcb42e60_0, v000001bfdcb837f0_0, 1>, &PV<v000001bfdcb39450_0, v000001bfdcb837f0_0, 1>, S<4,vec4,u25>, S<3,vec4,u1>, S<2,vec4,u25>, &PV<v000001bfdcb64c90_0, 7, 25>, S<1,vec4,u2>, S<0,vec4,u32> {5 0 0};
    ; show_stmt_assign_vector: Get l-value for compressed += operand
    %load/vec4 v000001bfdcb837f0_0;
    %pushi/vec4 1, 0, 32;
    %add;
    %cast2;
    %store/vec4 v000001bfdcb837f0_0, 0, 32;
    %jmp T_56.1;
T_56.2 ;
    %end;
    .scope S_000001bfdcaf48e0;
t_2 %join;
    %load/vec4 v000001bfdcb41b00_0;
    %load/vec4 v000001bfdcb641f0_0;
    %parti/s 5, 2, 3;
    %pad/u 10;
    %muli 25, 0, 10;
    %part/u 25;
    %vpi_call/w 8 27 "$display", "CACHE! %h %h %h", &PV<v000001bfdcb39450_0, &PV<v000001bfdcb641f0_0, 2, 5>, 1>, S<0,vec4,u25>, &PV<v000001bfdcb641f0_0, 7, 25> {1 0 0};
    %jmp T_56.0;
    %end;
    .thread T_56;
    .scope S_000001bfdcaf48e0;
T_57 ;
    %wait E_000001bfdcb8dbc0;
    %load/vec4 v000001bfdcbf7f10_0;
    %flag_set/vec4 8;
    %jmp/0xz  T_57.0, 8;
    %load/vec4 v000001bfdcb42e60_0;
    %load/vec4 v000001bfdcb64c90_0;
    %parti/s 5, 2, 3;
    %part/u 1;
    %flag_set/vec4 8;
    %jmp/0xz  T_57.2, 8;
    %load/vec4 v000001bfdcb42e60_0;
    %load/vec4 v000001bfdcb64c90_0;
    %parti/s 5, 2, 3;
    %part/u 1;
    %inv;
    %ix/load 5, 0, 0;
    %load/vec4 v000001bfdcb64c90_0;
    %parti/s 5, 2, 3;
    %ix/vec4 4;
    %assign/vec4/off/d v000001bfdcb42e60_0, 4, 5;
    %pushi/vec4 1, 0, 1;
    %ix/load 5, 0, 0;
    %load/vec4 v000001bfdcb64c90_0;
    %parti/s 5, 2, 3;
    %pad/u 8;
    %addi 32, 0, 8;
    %ix/vec4 4;
    %assign/vec4/off/d v000001bfdcb39450_0, 4, 5;
    %load/vec4 v000001bfdcb64c90_0;
    %parti/s 25, 7, 4;
    %ix/load 5, 0, 0;
    %load/vec4 v000001bfdcb64c90_0;
    %parti/s 5, 2, 3;
    %pad/u 10;
    %muli 25, 0, 10;
    %pad/u 11;
    %addi 800, 0, 11;
    %ix/vec4 4;
    %assign/vec4/off/d v000001bfdcb41b00_0, 4, 5;
    %load/vec4 v000001bfdcbf7b50_0;
    %ix/load 5, 0, 0;
    %load/vec4 v000001bfdcb64c90_0;
    %parti/s 5, 2, 3;
    %pad/u 10;
    %muli 32, 0, 10;
    %pad/u 12;
    %addi 1024, 0, 12;
    %ix/vec4 4;
    %assign/vec4/off/d v000001bfdcb42c80_0, 4, 5;
    %load/vec4 v000001bfdcb39450_0;
    %load/vec4 v000001bfdcb64c90_0;
    %parti/s 5, 2, 3;
    %pad/u 8;
    %addi 32, 0, 8;
    %part/u 1;
    %cmpi/e 0, 0, 1;
    %jmp/0xz  T_57.4, 4;
    %load/vec4 v000001bfdcb64290_0;
    %replicate 2;
    %ix/load 5, 0, 0;
    %load/vec4 v000001bfdcb64c90_0;
    %parti/s 5, 2, 3;
    %pad/u 6;
    %muli 2, 0, 6;
    %pad/u 8;
    %addi 64, 0, 8;
    %ix/vec4 4;
    %assign/vec4/off/d v000001bfdcb43720_0, 4, 5;
    %jmp T_57.5;
T_57.4 ;
    %load/vec4 v000001bfdcb43720_0;
    %load/vec4 v000001bfdcb64c90_0;
    %parti/s 5, 2, 3;
    %pad/u 6;
    %muli 2, 0, 6;
    %pad/u 8;
    %addi 64, 0, 8;
    %part/u 2;
    %dup/vec4;
    %pushi/vec4 0, 0, 2;
    %cmp/u;
    %jmp/1 T_57.6, 6;
    %dup/vec4;
    %pushi/vec4 1, 0, 2;
    %cmp/u;
    %jmp/1 T_57.7, 6;
    %dup/vec4;
    %pushi/vec4 2, 0, 2;
    %cmp/u;
    %jmp/1 T_57.8, 6;
    %dup/vec4;
    %pushi/vec4 3, 0, 2;
    %cmp/u;
    %jmp/1 T_57.9, 6;
    %jmp T_57.10;
T_57.6 ;
    %load/vec4 v000001bfdcb64290_0;
    %flag_set/vec4 8;
    %jmp/0xz  T_57.11, 8;
    %pushi/vec4 1, 0, 2;
    %ix/load 5, 0, 0;
    %load/vec4 v000001bfdcb64c90_0;
    %parti/s 5, 2, 3;
    %pad/u 6;
    %muli 2, 0, 6;
    %pad/u 8;
    %addi 64, 0, 8;
    %ix/vec4 4;
    %assign/vec4/off/d v000001bfdcb43720_0, 4, 5;
    %jmp T_57.12;
T_57.11 ;
    %pushi/vec4 0, 0, 2;
    %ix/load 5, 0, 0;
    %load/vec4 v000001bfdcb64c90_0;
    %parti/s 5, 2, 3;
    %pad/u 6;
    %muli 2, 0, 6;
    %pad/u 8;
    %addi 64, 0, 8;
    %ix/vec4 4;
    %assign/vec4/off/d v000001bfdcb43720_0, 4, 5;
T_57.12 ;
    %jmp T_57.10;
T_57.7 ;
    %load/vec4 v000001bfdcb64290_0;
    %flag_set/vec4 8;
    %jmp/0xz  T_57.13, 8;
    %pushi/vec4 3, 0, 2;
    %ix/load 5, 0, 0;
    %load/vec4 v000001bfdcb64c90_0;
    %parti/s 5, 2, 3;
    %pad/u 6;
    %muli 2, 0, 6;
    %pad/u 8;
    %addi 64, 0, 8;
    %ix/vec4 4;
    %assign/vec4/off/d v000001bfdcb43720_0, 4, 5;
    %jmp T_57.14;
T_57.13 ;
    %pushi/vec4 0, 0, 2;
    %ix/load 5, 0, 0;
    %load/vec4 v000001bfdcb64c90_0;
    %parti/s 5, 2, 3;
    %pad/u 6;
    %muli 2, 0, 6;
    %pad/u 8;
    %addi 64, 0, 8;
    %ix/vec4 4;
    %assign/vec4/off/d v000001bfdcb43720_0, 4, 5;
T_57.14 ;
    %jmp T_57.10;
T_57.8 ;
    %load/vec4 v000001bfdcb64290_0;
    %flag_set/vec4 8;
    %jmp/0xz  T_57.15, 8;
    %pushi/vec4 0, 0, 2;
    %ix/load 5, 0, 0;
    %load/vec4 v000001bfdcb64c90_0;
    %parti/s 5, 2, 3;
    %pad/u 6;
    %muli 2, 0, 6;
    %pad/u 8;
    %addi 64, 0, 8;
    %ix/vec4 4;
    %assign/vec4/off/d v000001bfdcb43720_0, 4, 5;
    %jmp T_57.16;
T_57.15 ;
    %pushi/vec4 3, 0, 2;
    %ix/load 5, 0, 0;
    %load/vec4 v000001bfdcb64c90_0;
    %parti/s 5, 2, 3;
    %pad/u 6;
    %muli 2, 0, 6;
    %pad/u 8;
    %addi 64, 0, 8;
    %ix/vec4 4;
    %assign/vec4/off/d v000001bfdcb43720_0, 4, 5;
T_57.16 ;
    %jmp T_57.10;
T_57.9 ;
    %load/vec4 v000001bfdcb64290_0;
    %flag_set/vec4 8;
    %jmp/0xz  T_57.17, 8;
    %pushi/vec4 2, 0, 2;
    %ix/load 5, 0, 0;
    %load/vec4 v000001bfdcb64c90_0;
    %parti/s 5, 2, 3;
    %pad/u 6;
    %muli 2, 0, 6;
    %pad/u 8;
    %addi 64, 0, 8;
    %ix/vec4 4;
    %assign/vec4/off/d v000001bfdcb43720_0, 4, 5;
    %jmp T_57.18;
T_57.17 ;
    %pushi/vec4 3, 0, 2;
    %ix/load 5, 0, 0;
    %load/vec4 v000001bfdcb64c90_0;
    %parti/s 5, 2, 3;
    %pad/u 6;
    %muli 2, 0, 6;
    %pad/u 8;
    %addi 64, 0, 8;
    %ix/vec4 4;
    %assign/vec4/off/d v000001bfdcb43720_0, 4, 5;
T_57.18 ;
    %jmp T_57.10;
T_57.10 ;
    %pop/vec4 1;
T_57.5 ;
    %jmp T_57.3;
T_57.2 ;
    %load/vec4 v000001bfdcb42e60_0;
    %load/vec4 v000001bfdcb64c90_0;
    %parti/s 5, 2, 3;
    %part/u 1;
    %inv;
    %ix/load 5, 0, 0;
    %load/vec4 v000001bfdcb64c90_0;
    %parti/s 5, 2, 3;
    %ix/vec4 4;
    %assign/vec4/off/d v000001bfdcb42e60_0, 4, 5;
    %pushi/vec4 1, 0, 1;
    %ix/load 5, 0, 0;
    %load/vec4 v000001bfdcb64c90_0;
    %parti/s 5, 2, 3;
    %ix/vec4 4;
    %assign/vec4/off/d v000001bfdcb39450_0, 4, 5;
    %load/vec4 v000001bfdcb64c90_0;
    %parti/s 25, 7, 4;
    %ix/load 5, 0, 0;
    %load/vec4 v000001bfdcb64c90_0;
    %parti/s 5, 2, 3;
    %pad/u 10;
    %muli 25, 0, 10;
    %ix/vec4 4;
    %assign/vec4/off/d v000001bfdcb41b00_0, 4, 5;
    %load/vec4 v000001bfdcbf7b50_0;
    %ix/load 5, 0, 0;
    %load/vec4 v000001bfdcb64c90_0;
    %parti/s 5, 2, 3;
    %pad/u 10;
    %muli 32, 0, 10;
    %ix/vec4 4;
    %assign/vec4/off/d v000001bfdcb42c80_0, 4, 5;
    %pushi/vec4 0, 0, 2;
    %ix/load 5, 0, 0;
    %load/vec4 v000001bfdcb64c90_0;
    %parti/s 5, 2, 3;
    %pad/u 6;
    %muli 2, 0, 6;
    %ix/vec4 4;
    %assign/vec4/off/d v000001bfdcb43720_0, 4, 5;
    %load/vec4 v000001bfdcb39450_0;
    %load/vec4 v000001bfdcb64c90_0;
    %parti/s 5, 2, 3;
    %part/u 1;
    %cmpi/e 0, 0, 1;
    %jmp/0xz  T_57.19, 4;
    %load/vec4 v000001bfdcb64290_0;
    %replicate 2;
    %ix/load 5, 0, 0;
    %load/vec4 v000001bfdcb64c90_0;
    %parti/s 5, 2, 3;
    %pad/u 6;
    %muli 2, 0, 6;
    %ix/vec4 4;
    %assign/vec4/off/d v000001bfdcb43720_0, 4, 5;
    %jmp T_57.20;
T_57.19 ;
    %load/vec4 v000001bfdcb43720_0;
    %load/vec4 v000001bfdcb64c90_0;
    %parti/s 5, 2, 3;
    %pad/u 6;
    %muli 2, 0, 6;
    %part/u 2;
    %dup/vec4;
    %pushi/vec4 0, 0, 2;
    %cmp/u;
    %jmp/1 T_57.21, 6;
    %dup/vec4;
    %pushi/vec4 1, 0, 2;
    %cmp/u;
    %jmp/1 T_57.22, 6;
    %dup/vec4;
    %pushi/vec4 2, 0, 2;
    %cmp/u;
    %jmp/1 T_57.23, 6;
    %dup/vec4;
    %pushi/vec4 3, 0, 2;
    %cmp/u;
    %jmp/1 T_57.24, 6;
    %jmp T_57.25;
T_57.21 ;
    %load/vec4 v000001bfdcb64290_0;
    %flag_set/vec4 8;
    %jmp/0xz  T_57.26, 8;
    %pushi/vec4 1, 0, 2;
    %ix/load 5, 0, 0;
    %load/vec4 v000001bfdcb64c90_0;
    %parti/s 5, 2, 3;
    %pad/u 6;
    %muli 2, 0, 6;
    %ix/vec4 4;
    %assign/vec4/off/d v000001bfdcb43720_0, 4, 5;
    %jmp T_57.27;
T_57.26 ;
    %pushi/vec4 0, 0, 2;
    %ix/load 5, 0, 0;
    %load/vec4 v000001bfdcb64c90_0;
    %parti/s 5, 2, 3;
    %pad/u 6;
    %muli 2, 0, 6;
    %ix/vec4 4;
    %assign/vec4/off/d v000001bfdcb43720_0, 4, 5;
T_57.27 ;
    %jmp T_57.25;
T_57.22 ;
    %load/vec4 v000001bfdcb64290_0;
    %flag_set/vec4 8;
    %jmp/0xz  T_57.28, 8;
    %pushi/vec4 3, 0, 2;
    %ix/load 5, 0, 0;
    %load/vec4 v000001bfdcb64c90_0;
    %parti/s 5, 2, 3;
    %pad/u 6;
    %muli 2, 0, 6;
    %ix/vec4 4;
    %assign/vec4/off/d v000001bfdcb43720_0, 4, 5;
    %jmp T_57.29;
T_57.28 ;
    %pushi/vec4 0, 0, 2;
    %ix/load 5, 0, 0;
    %load/vec4 v000001bfdcb64c90_0;
    %parti/s 5, 2, 3;
    %pad/u 6;
    %muli 2, 0, 6;
    %ix/vec4 4;
    %assign/vec4/off/d v000001bfdcb43720_0, 4, 5;
T_57.29 ;
    %jmp T_57.25;
T_57.23 ;
    %load/vec4 v000001bfdcb64290_0;
    %flag_set/vec4 8;
    %jmp/0xz  T_57.30, 8;
    %pushi/vec4 0, 0, 2;
    %ix/load 5, 0, 0;
    %load/vec4 v000001bfdcb64c90_0;
    %parti/s 5, 2, 3;
    %pad/u 6;
    %muli 2, 0, 6;
    %ix/vec4 4;
    %assign/vec4/off/d v000001bfdcb43720_0, 4, 5;
    %jmp T_57.31;
T_57.30 ;
    %pushi/vec4 3, 0, 2;
    %ix/load 5, 0, 0;
    %load/vec4 v000001bfdcb64c90_0;
    %parti/s 5, 2, 3;
    %pad/u 6;
    %muli 2, 0, 6;
    %ix/vec4 4;
    %assign/vec4/off/d v000001bfdcb43720_0, 4, 5;
T_57.31 ;
    %jmp T_57.25;
T_57.24 ;
    %load/vec4 v000001bfdcb64290_0;
    %flag_set/vec4 8;
    %jmp/0xz  T_57.32, 8;
    %pushi/vec4 2, 0, 2;
    %ix/load 5, 0, 0;
    %load/vec4 v000001bfdcb64c90_0;
    %parti/s 5, 2, 3;
    %pad/u 6;
    %muli 2, 0, 6;
    %ix/vec4 4;
    %assign/vec4/off/d v000001bfdcb43720_0, 4, 5;
    %jmp T_57.33;
T_57.32 ;
    %pushi/vec4 3, 0, 2;
    %ix/load 5, 0, 0;
    %load/vec4 v000001bfdcb64c90_0;
    %parti/s 5, 2, 3;
    %pad/u 6;
    %muli 2, 0, 6;
    %ix/vec4 4;
    %assign/vec4/off/d v000001bfdcb43720_0, 4, 5;
T_57.33 ;
    %jmp T_57.25;
T_57.25 ;
    %pop/vec4 1;
T_57.20 ;
T_57.3 ;
T_57.0 ;
    %jmp T_57;
    .thread T_57;
    .scope S_000001bfdcaf48e0;
T_58 ;
Ewait_13 .event/or E_000001bfdcb8e2c0, E_0x0;
    %wait Ewait_13;
    %load/vec4 v000001bfdcb65050_0;
    %flag_set/vec4 8;
    %jmp/1 T_58.2, 8;
    %load/vec4 v000001bfdcb64f10_0;
    %flag_set/vec4 9;
    %flag_or 8, 9;
T_58.2;
    %jmp/0xz  T_58.0, 8;
    %load/vec4 v000001bfdcb64f10_0;
    %flag_set/vec4 8;
    %jmp/0xz  T_58.3, 8;
    %load/vec4 v000001bfdcb42c80_0;
    %load/vec4 v000001bfdcb641f0_0;
    %parti/s 5, 2, 3;
    %pad/u 10;
    %muli 32, 0, 10;
    %pad/u 12;
    %addi 1024, 0, 12;
    %part/u 32;
    %store/vec4 v000001bfdcb42be0_0, 0, 32;
    %pushi/vec4 1, 0, 1;
    %store/vec4 v000001bfdcb42f00_0, 0, 1;
    %load/vec4 v000001bfdcb43720_0;
    %load/vec4 v000001bfdcb641f0_0;
    %parti/s 5, 2, 3;
    %pad/u 6;
    %muli 2, 0, 6;
    %pad/u 8;
    %addi 64, 0, 8;
    %part/u 2;
    %dup/vec4;
    %pushi/vec4 0, 0, 2;
    %cmp/u;
    %jmp/1 T_58.5, 6;
    %dup/vec4;
    %pushi/vec4 1, 0, 2;
    %cmp/u;
    %jmp/1 T_58.6, 6;
    %dup/vec4;
    %pushi/vec4 2, 0, 2;
    %cmp/u;
    %jmp/1 T_58.7, 6;
    %dup/vec4;
    %pushi/vec4 3, 0, 2;
    %cmp/u;
    %jmp/1 T_58.8, 6;
    %jmp T_58.9;
T_58.5 ;
    %pushi/vec4 0, 0, 1;
    %store/vec4 v000001bfdcb43400_0, 0, 1;
    %jmp T_58.9;
T_58.6 ;
    %pushi/vec4 0, 0, 1;
    %store/vec4 v000001bfdcb43400_0, 0, 1;
    %jmp T_58.9;
T_58.7 ;
    %pushi/vec4 1, 0, 1;
    %store/vec4 v000001bfdcb43400_0, 0, 1;
    %jmp T_58.9;
T_58.8 ;
    %pushi/vec4 1, 0, 1;
    %store/vec4 v000001bfdcb43400_0, 0, 1;
    %jmp T_58.9;
T_58.9 ;
    %pop/vec4 1;
    %jmp T_58.4;
T_58.3 ;
    %load/vec4 v000001bfdcb42c80_0;
    %load/vec4 v000001bfdcb641f0_0;
    %parti/s 5, 2, 3;
    %pad/u 10;
    %muli 32, 0, 10;
    %part/u 32;
    %store/vec4 v000001bfdcb42be0_0, 0, 32;
    %pushi/vec4 1, 0, 1;
    %store/vec4 v000001bfdcb42f00_0, 0, 1;
    %load/vec4 v000001bfdcb43720_0;
    %load/vec4 v000001bfdcb641f0_0;
    %parti/s 5, 2, 3;
    %pad/u 6;
    %muli 2, 0, 6;
    %part/u 2;
    %dup/vec4;
    %pushi/vec4 0, 0, 2;
    %cmp/u;
    %jmp/1 T_58.10, 6;
    %dup/vec4;
    %pushi/vec4 1, 0, 2;
    %cmp/u;
    %jmp/1 T_58.11, 6;
    %dup/vec4;
    %pushi/vec4 2, 0, 2;
    %cmp/u;
    %jmp/1 T_58.12, 6;
    %dup/vec4;
    %pushi/vec4 3, 0, 2;
    %cmp/u;
    %jmp/1 T_58.13, 6;
    %jmp T_58.14;
T_58.10 ;
    %pushi/vec4 0, 0, 1;
    %store/vec4 v000001bfdcb43400_0, 0, 1;
    %jmp T_58.14;
T_58.11 ;
    %pushi/vec4 0, 0, 1;
    %store/vec4 v000001bfdcb43400_0, 0, 1;
    %jmp T_58.14;
T_58.12 ;
    %pushi/vec4 1, 0, 1;
    %store/vec4 v000001bfdcb43400_0, 0, 1;
    %jmp T_58.14;
T_58.13 ;
    %pushi/vec4 1, 0, 1;
    %store/vec4 v000001bfdcb43400_0, 0, 1;
    %jmp T_58.14;
T_58.14 ;
    %pop/vec4 1;
T_58.4 ;
    %jmp T_58.1;
T_58.0 ;
    %pushi/vec4 0, 0, 1;
    %store/vec4 v000001bfdcb42f00_0, 0, 1;
    %pushi/vec4 0, 0, 1;
    %store/vec4 v000001bfdcb43400_0, 0, 1;
    %pushi/vec4 4294967295, 4294967295, 32;
    %store/vec4 v000001bfdcb42be0_0, 0, 32;
T_58.1 ;
    %jmp T_58;
    .thread T_58, $push;
    .scope S_000001bfdcb09fa0;
T_59 ;
    %vpi_call/w 6 5 "$readmemh", "testProg.txt", v000001bfdcb83750 {0 0 0};
    %end;
    .thread T_59;
    .scope S_000001bfdcb078d0;
T_60 ;
    %wait E_000001bfdcb8dbc0;
    %load/vec4 v000001bfdcb83430_0;
    %flag_set/vec4 8;
    %jmp/0xz  T_60.0, 8;
    %load/vec4 v000001bfdcb834d0_0;
    %load/vec4 v000001bfdcb83250_0;
    %parti/s 30, 2, 3;
    %ix/vec4 3;
    %ix/load 4, 0, 0; Constant delay
    %assign/vec4/a/d v000001bfdcb832f0, 0, 4;
T_60.0 ;
    %jmp T_60;
    .thread T_60;
    .scope S_000001bfdcb078d0;
T_61 ;
T_61.0 ;
    %wait E_000001bfdcb8dbc0;
    %vpi_call/w 5 18 "$display", "MEMORY4 %h", &A<v000001bfdcb832f0, 5> {0 0 0};
    %jmp T_61.0;
    %end;
    .thread T_61;
    .scope S_000001bfdca97f90;
T_62 ;
    %pushi/vec4 0, 0, 1;
    %store/vec4 v000001bfdcc08e00_0, 0, 1;
T_62.0 ;
    %delay 5, 0;
    %load/vec4 v000001bfdcc08e00_0;
    %inv;
    %store/vec4 v000001bfdcc08e00_0, 0, 1;
    %jmp T_62.0;
    %end;
    .thread T_62;
    .scope S_000001bfdca97f90;
T_63 ;
    %pushi/vec4 1, 0, 1;
    %store/vec4 v000001bfdcc09620_0, 0, 1;
    %pushi/vec4 3, 0, 32;
T_63.0 %dup/vec4;
    %pushi/vec4 0, 0, 32;
    %cmp/s;
    %jmp/1xz T_63.1, 5;
    %jmp/1 T_63.1, 4;
    %pushi/vec4 1, 0, 32;
    %sub;
    %wait E_000001bfdcb8dbc0;
    %jmp T_63.0;
T_63.1 ;
    %pop/vec4 1;
    %pushi/vec4 0, 0, 1;
    %store/vec4 v000001bfdcc09620_0, 0, 1;
    %end;
    .thread T_63;
    .scope S_000001bfdca97f90;
T_64 ;
    %pushi/vec4 2, 0, 32;
T_64.0 %dup/vec4;
    %pushi/vec4 0, 0, 32;
    %cmp/s;
    %jmp/1xz T_64.1, 5;
    %jmp/1 T_64.1, 4;
    %pushi/vec4 1, 0, 32;
    %sub;
    %wait E_000001bfdcb8dbc0;
    %jmp T_64.0;
T_64.1 ;
    %pop/vec4 1;
T_64.2 ;
    %wait E_000001bfdcb8dbc0;
    %vpi_call/w 3 25 "$display", "%h", v000001bfdcc0a020_0 {0 0 0};
    %jmp T_64.2;
    %end;
    .thread T_64;
    .scope S_000001bfdca97f90;
T_65 ;
    %vpi_call/w 3 30 "$dumpvars" {0 0 0};
    %end;
    .thread T_65;
    .scope S_000001bfdca97f90;
T_66 ;
T_66.0 ;
    %load/vec4 v000001bfdcc0a020_0;
    %or/r;
    %cmpi/e 0, 0, 1;
    %flag_get/vec4 4;
    %jmp/1 T_66.2, 4;
    %load/vec4 v000001bfdcc0a020_0;
    %cmpi/e 32871, 0, 32;
    %flag_get/vec4 4;
    %jmp/0 T_66.3, 4;
    %load/vec4 v000001bfdcc093a0_0;
    %parti/s 32, 32, 7;
    %pushi/vec4 4294967295, 4294967295, 32;
    %cmp/e;
    %flag_get/vec4 4;
    %and;
T_66.3;
    %or;
T_66.2;
    %cmpi/ne 1, 0, 1;
    %jmp/0xz T_66.1, 6;
    %wait E_000001bfdcb8db00;
    %jmp T_66.0;
T_66.1 ;
    %pushi/vec4 3, 0, 32;
T_66.4 %dup/vec4;
    %pushi/vec4 0, 0, 32;
    %cmp/s;
    %jmp/1xz T_66.5, 5;
    %jmp/1 T_66.5, 4;
    %pushi/vec4 1, 0, 32;
    %sub;
    %wait E_000001bfdcb8dbc0;
    %jmp T_66.4;
T_66.5 ;
    %pop/vec4 1;
    %vpi_call/w 3 40 "$finish" {0 0 0};
    %end;
    .thread T_66;
    .scope S_000001bfdca97f90;
T_67 ;
T_67.0 ;
    %wait E_000001bfdcb8f200;
    %delay 1, 0;
    %fork t_5, S_000001bfdca98120;
    %jmp t_4;
    .scope S_000001bfdca98120;
t_5 ;
    %pushi/vec4 0, 0, 32;
    %store/vec4 v000001bfdcb82b70_0, 0, 32;
T_67.1 ;
    %load/vec4 v000001bfdcb82b70_0;
    %cmpi/s 15, 0, 32;
    %jmp/0xz T_67.2, 5;
    %load/vec4 v000001bfdcb82b70_0;
    %cmpi/e 0, 0, 32;
    %flag_mov 8, 4;
    %jmp/0 T_67.3, 8;
    %pushi/vec4 0, 0, 32;
    %jmp/1 T_67.4, 8;
T_67.3 ; End of true expr.
    %load/vec4 v000001bfdcc093a0_0;
    %load/vec4 v000001bfdcb82b70_0;
    %pad/s 37;
    %muli 32, 0, 37;
    %part/s 32;
    %jmp/0 T_67.4, 8;
 ; End of false expr.
    %blend;
T_67.4;
    %vpi_call/w 3 47 "$display", "x%-2d - %08h", v000001bfdcb82b70_0, S<0,vec4,u32> {1 0 0};
    ; show_stmt_assign_vector: Get l-value for compressed += operand
    %load/vec4 v000001bfdcb82b70_0;
    %pushi/vec4 1, 0, 32;
    %add;
    %cast2;
    %store/vec4 v000001bfdcb82b70_0, 0, 32;
    %jmp T_67.1;
T_67.2 ;
    %end;
    .scope S_000001bfdca97f90;
t_4 %join;
    %vpi_call/w 3 49 "$display", "\012" {0 0 0};
    %jmp T_67.0;
    %end;
    .thread T_67;
# The file index is used to find the file name in the following table.
:file_names 19;
    "N/A";
    "<interactive>";
    "-";
    "testbench.sv";
    "./top.sv";
    "./dataMem.sv";
    "./instrMem.sv";
    "./riscv_ps.sv";
    "./branch_prediction.sv";
    "./controller.sv";
    "./datapath.sv";
    "././stages/decode.sv";
    "././stages/decode/immExt.sv";
    "././stages/decode/regFile.sv";
    "././stages/execute.sv";
    "./ALU.sv";
    "././stages/fetch.sv";
    "././stages/writeback.sv";
    "./hazard.sv";
